-- phpMyAdmin SQL Dump
-- version phpStudy 2014
-- http://www.phpmyadmin.net
--
-- ä¸»æœº: localhost
-- ç”Ÿæˆæ—¥æœŸ: 2016 å¹?07 æœ?09 æ—?18:31
-- æœåŠ¡å™¨ç‰ˆæœ¬: 5.5.47
-- PHP ç‰ˆæœ¬: 5.5.30

SET SQL_MODE="NO_AUTO_VALUE_ON_ZERO";
SET time_zone = "+00:00";


/*!40101 SET @OLD_CHARACTER_SET_CLIENT=@@CHARACTER_SET_CLIENT */;
/*!40101 SET @OLD_CHARACTER_SET_RESULTS=@@CHARACTER_SET_RESULTS */;
/*!40101 SET @OLD_COLLATION_CONNECTION=@@COLLATION_CONNECTION */;
/*!40101 SET NAMES utf8 */;

--
-- æ•°æ®åº“: `aquatic`
--

-- --------------------------------------------------------

--
-- è¡¨çš„ç»“æ„ `ap_base`
--

CREATE TABLE IF NOT EXISTS `ap_base` (
  `base_id` int(11) NOT NULL AUTO_INCREMENT COMMENT 'åŸºåœ°ç¼–å·',
  `base_name` varchar(20) NOT NULL DEFAULT '' COMMENT 'åŸºåœ°åç§°',
  `base_addr` varchar(50) NOT NULL DEFAULT '' COMMENT 'åŸºåœ°åœ°å€',
  `base_source_water` varchar(50) NOT NULL DEFAULT '' COMMENT 'æ°´è´¨æ¥æº',
  `base_scale` varchar(50) NOT NULL DEFAULT '' COMMENT 'åŸºåœ°è§„æ¨¡',
  `base_contacts` varchar(20) NOT NULL DEFAULT '' COMMENT 'è”ç³»äºº',
  `base_tel` varchar(30) NOT NULL DEFAULT '' COMMENT 'è”ç³»ç”µè¯',
  `base_time` varchar(20) NOT NULL DEFAULT '',
  `base_coordinate` varchar(20) NOT NULL DEFAULT '',
  `base_code` char(5) NOT NULL DEFAULT '',
  PRIMARY KEY (`base_id`)
) ENGINE=InnoDB  DEFAULT CHARSET=utf8 COMMENT='åŸºåœ°åŸºæœ¬ä¿¡æ¯' AUTO_INCREMENT=4 ;

--
-- è½¬å­˜è¡¨ä¸­çš„æ•°æ® `ap_base`
--

INSERT INTO `ap_base` (`base_id`, `base_name`, `base_addr`, `base_source_water`, `base_scale`, `base_contacts`, `base_tel`, `base_time`, `base_coordinate`, `base_code`) VALUES
(1, 'æµ·å¤§æ²™åŒ—åŸºåœ°', 'æµ·é¸¥å²›', 'æµ·é¸¥å²›', 'åŸºåœ°å…»æ®–é¢ç§¯1247.5å…¬é¡·', 'è‹æŒ¯çƒ', '13488882222', '2016-02-01 21:13', '116.439.7', '123'),
(2, 'æµ·å¤§å®éªŒåŸºåœ°', 'å®éªŒåŸºåœ°', 'å®éªŒæ°´åº“', 'åŸºåœ°å…»æ®–é¢ç§¯1247.5å…¬é¡·', 'è‹æŒ¯çƒ', '13488882222', '2016-02-06 21:13', '116.439.9', '111'),
(3, 'å®¶çš„ç²‰ä¸', 'æ˜¯ç©ºé—´è£‚ç¼', 'é€Ÿåº¦', 'åœ£è¯èŠ‚', 'åœ£è¯èŠ‚', '46523156', '2016-07-08 21:48', '213.1', '123');

-- --------------------------------------------------------

--
-- è¡¨çš„ç»“æ„ `ap_cage`
--

CREATE TABLE IF NOT EXISTS `ap_cage` (
  `cage_id` int(11) NOT NULL AUTO_INCREMENT,
  `cage_rowid` int(11) NOT NULL COMMENT 'æ’ç¼–å·',
  `cage_rowname` varchar(20) NOT NULL DEFAULT '' COMMENT 'æ’åç§°',
  `cage_number` int(11) NOT NULL COMMENT 'ç½‘ç®±æ•°é‡',
  `cage_pool_id` int(11) DEFAULT NULL COMMENT 'æ‰€å±æ± å¡˜id',
  `cage_code` char(5) DEFAULT NULL COMMENT 'ç¼–ç ',
  `cage_row_code` char(5) DEFAULT NULL COMMENT 'æ’ç¼–ç ',
  PRIMARY KEY (`cage_id`),
  KEY `cage_pool_id` (`cage_pool_id`)
) ENGINE=InnoDB  DEFAULT CHARSET=utf8 COMMENT='ç½‘ç®±ä¿¡æ¯ï¼ˆæ± å¡˜å…»æ®–æ¨¡å¼ä¸ºç½‘ç®±å…»æ®–æ‰éœ€è¦ç»´æŠ¤ç½‘ç®±ä¿¡æ¯ï¼‰' AUTO_INCREMENT=24 ;

--
-- è½¬å­˜è¡¨ä¸­çš„æ•°æ® `ap_cage`
--

INSERT INTO `ap_cage` (`cage_id`, `cage_rowid`, `cage_rowname`, `cage_number`, `cage_pool_id`, `cage_code`, `cage_row_code`) VALUES
(1, 1, '30æ’', 10, 1, '123', '123'),
(2, 2, '30æ’', 15, 1, '222', '12'),
(6, 3, '13æ’', 6, 1, NULL, NULL),
(7, 4, '14æ’', 10, 1, NULL, NULL),
(8, 5, '15æ’', 10, 1, NULL, NULL),
(9, 6, '16æ’', 10, 1, NULL, NULL),
(10, 7, '17æ’', 10, 1, NULL, NULL),
(11, 8, '18æ’', 10, 1, NULL, NULL),
(12, 9, '19æ’', 10, 1, NULL, NULL),
(13, 10, '20æ’', 10, 1, NULL, NULL),
(14, 11, '21æ’', 10, 2, NULL, NULL),
(15, 12, '22æ’', 10, 2, NULL, NULL),
(16, 13, '23æ’', 10, 2, NULL, NULL),
(17, 14, '24æ’', 10, 2, NULL, NULL),
(18, 15, '25æ’', 10, 2, NULL, NULL),
(19, 16, '26æ’', 10, 3, NULL, NULL),
(20, 17, '27æ’', 10, 3, NULL, NULL),
(21, 18, '28æ’', 10, 3, NULL, NULL),
(22, 19, '29æ’', 10, 3, NULL, NULL),
(23, 20, '30æ’', 10, 3, NULL, NULL);

-- --------------------------------------------------------

--
-- è¡¨çš„ç»“æ„ `ap_feed`
--

CREATE TABLE IF NOT EXISTS `ap_feed` (
  `feed_id` int(11) NOT NULL AUTO_INCREMENT,
  `feed_name` varchar(20) NOT NULL DEFAULT '',
  `feed_specifications` varchar(20) NOT NULL DEFAULT '',
  `feed_code` char(10) DEFAULT '' COMMENT 'ç¼–ç ',
  PRIMARY KEY (`feed_id`)
) ENGINE=InnoDB  DEFAULT CHARSET=utf8 AUTO_INCREMENT=11 ;

--
-- è½¬å­˜è¡¨ä¸­çš„æ•°æ® `ap_feed`
--

INSERT INTO `ap_feed` (`feed_id`, `feed_name`, `feed_specifications`, `feed_code`) VALUES
(1, 'è‰é±¼æ–™', '20kg/åŒ…', '123'),
(2, 'é²«é±¼æ–™', '100kg/åŒ…', ''),
(4, 'é²¤é±¼æ–™', '29kg/åŒ…', ''),
(5, 'é³Šé±¼æ–™', '10kg/åŒ…', ''),
(6, 'ç½—éæ–™', '10kg/åŒ…', ''),
(7, 'é»„é¢¡é±¼æ–™', '10kg/åŒ…', ''),
(8, 'æµ·é²ˆæ–™', '10kg/åŒ…', ''),
(9, 'åŠ å·é²ˆæ–™', '10kg/åŒ…', ''),
(10, 'ç”Ÿé±¼æ–™', '10kg/åŒ…', '');

-- --------------------------------------------------------

--
-- è¡¨çš„ç»“æ„ `ap_feeding`
--

CREATE TABLE IF NOT EXISTS `ap_feeding` (
  `feeding_id` int(11) NOT NULL AUTO_INCREMENT,
  `feeding_pool_id` int(11) DEFAULT NULL,
  `feeding_cage_id` int(11) DEFAULT NULL,
  `feeding_feed_id` int(11) DEFAULT NULL,
  `feeding_number` varchar(30) NOT NULL DEFAULT '',
  `feeding_member_id` int(11) DEFAULT NULL,
  `feeding_time` varchar(20) NOT NULL DEFAULT '',
  `feeding_pool_img` varchar(50) NOT NULL DEFAULT '',
  PRIMARY KEY (`feeding_id`),
  KEY `feeding_pool_id` (`feeding_pool_id`,`feeding_cage_id`,`feeding_feed_id`,`feeding_member_id`),
  KEY `feeding_cage_id` (`feeding_cage_id`),
  KEY `feeding_feed_id` (`feeding_feed_id`),
  KEY `feeding_member_id` (`feeding_member_id`)
) ENGINE=InnoDB  DEFAULT CHARSET=utf8 COMMENT='æŠ•é¥²' AUTO_INCREMENT=12 ;

--
-- è½¬å­˜è¡¨ä¸­çš„æ•°æ® `ap_feeding`
--

INSERT INTO `ap_feeding` (`feeding_id`, `feeding_pool_id`, `feeding_cage_id`, `feeding_feed_id`, `feeding_number`, `feeding_member_id`, `feeding_time`, `feeding_pool_img`) VALUES
(1, 1, 1, 4, '100', 7, '2016-02-22 11:26', ''),
(2, 1, 2, 5, '100åŒ…', 7, '2016-02-22 10:59', ''),
(3, 1, 1, 1, '100åŒ…', 7, '2016-02-22 11:01', ''),
(4, 1, 1, 4, '123', 7, '2016-02-22 11:27', ''),
(5, 1, 1, 1, '26', 7, '2016-02-23 22:34', ''),
(8, 5, 1, 1, '32', 7, '2016-03-03', ''),
(9, 1, 1, 1, '12', 7, '2016-03-31', ''),
(10, 1, 7, 1, '20', 7, '2016-04-19', 'wechat_img/2016/04/19/2fa191046ee60e0e6dd3f821e412'),
(11, 1, 6, 1, '2', 7, '2016-04-19', 'wechat_img/2016/04/19/0bdc4b3837affa0a54c405e6213c');

-- --------------------------------------------------------

--
-- è¡¨çš„ç»“æ„ `ap_fry`
--

CREATE TABLE IF NOT EXISTS `ap_fry` (
  `fry_id` int(11) NOT NULL AUTO_INCREMENT,
  `fry_name` varchar(20) NOT NULL DEFAULT '',
  `fry_code` char(10) DEFAULT NULL COMMENT 'ç¼–ç ',
  PRIMARY KEY (`fry_id`)
) ENGINE=InnoDB  DEFAULT CHARSET=utf8 ROW_FORMAT=DYNAMIC AUTO_INCREMENT=5 ;

--
-- è½¬å­˜è¡¨ä¸­çš„æ•°æ® `ap_fry`
--

INSERT INTO `ap_fry` (`fry_id`, `fry_name`, `fry_code`) VALUES
(1, 'ç½—éé±¼', '0122'),
(2, 'é²«é±¼', '0123'),
(3, 'è‰é±¼', '0124'),
(4, 'æµ·é²ˆ', '0125');

-- --------------------------------------------------------

--
-- è¡¨çš„ç»“æ„ `ap_indicator`
--

CREATE TABLE IF NOT EXISTS `ap_indicator` (
  `indicator_id` int(11) NOT NULL AUTO_INCREMENT,
  `indicator_pool_id` int(11) DEFAULT '0',
  `indicator_cage_id` int(11) DEFAULT '0',
  `indicator_time` varchar(20) NOT NULL DEFAULT '',
  `indicator_weather` varchar(30) NOT NULL DEFAULT '',
  `indicator_name` varchar(20) NOT NULL DEFAULT '',
  `indicator_value` varchar(20) NOT NULL DEFAULT '',
  `indicator_unit` varchar(20) NOT NULL DEFAULT '',
  `indicator_member_id` int(11) DEFAULT '0',
  PRIMARY KEY (`indicator_id`),
  KEY `indicator_pool_id` (`indicator_pool_id`),
  KEY `indicator_cage_id` (`indicator_cage_id`),
  KEY `indicator_member_id` (`indicator_member_id`)
) ENGINE=InnoDB  DEFAULT CHARSET=utf8 AUTO_INCREMENT=3 ;

--
-- è½¬å­˜è¡¨ä¸­çš„æ•°æ® `ap_indicator`
--

INSERT INTO `ap_indicator` (`indicator_id`, `indicator_pool_id`, `indicator_cage_id`, `indicator_time`, `indicator_weather`, `indicator_name`, `indicator_value`, `indicator_unit`, `indicator_member_id`) VALUES
(1, 1, 2, '2016-03-11', 'ä¸œå—é£', 'é£åŠ›', '5', 'çº§', 7),
(2, 1, 13, '2016-03-30', 'æ™´å¤©ï¼Œä¸œå—é£', 'é£åŠ›', '3', 'çº§', 7);

-- --------------------------------------------------------

--
-- è¡¨çš„ç»“æ„ `ap_medication`
--

CREATE TABLE IF NOT EXISTS `ap_medication` (
  `medication_id` int(11) NOT NULL AUTO_INCREMENT,
  `medication_medicine_id` int(11) DEFAULT '0',
  `medication_amount` varchar(20) NOT NULL DEFAULT '',
  `medication_pool_id` int(11) DEFAULT '0',
  `medication_cage_id` int(11) DEFAULT '0',
  `medication_time` varchar(20) NOT NULL DEFAULT '',
  `medication_reason` varchar(100) NOT NULL DEFAULT '',
  `medication_pattern` varchar(50) NOT NULL DEFAULT '',
  `medication_precautions` varchar(100) NOT NULL DEFAULT '',
  `medication_member_id` int(11) DEFAULT '0',
  PRIMARY KEY (`medication_id`),
  KEY `medication_medicine_id` (`medication_medicine_id`,`medication_pool_id`,`medication_cage_id`),
  KEY `medication_pool_id` (`medication_pool_id`),
  KEY `medication_cage_id` (`medication_cage_id`),
  KEY `medication_member_id` (`medication_member_id`),
  KEY `medication_member_id_2` (`medication_member_id`)
) ENGINE=InnoDB  DEFAULT CHARSET=utf8 AUTO_INCREMENT=7 ;

--
-- è½¬å­˜è¡¨ä¸­çš„æ•°æ® `ap_medication`
--

INSERT INTO `ap_medication` (`medication_id`, `medication_medicine_id`, `medication_amount`, `medication_pool_id`, `medication_cage_id`, `medication_time`, `medication_reason`, `medication_pattern`, `medication_precautions`, `medication_member_id`) VALUES
(1, 1, '10ç“¶', 1, 1, '2016-03-30', 'ä¿å¥', 'æ— ', 'æ— ', 7),
(2, 1, 'test', 1, 6, '2016-02-29 13:24', 'test', 't', 't', 7),
(3, 3, '1è¢‹', 5, 8, '2016-03-18', 'ä¿å¥', 'æ— ', 'æ— ', 7),
(4, 1, 'km', 1, 6, '1460652905', '258', 'ajtj', '255', 7),
(5, 1, '10', 1, 2, '2016-04-19', 'ç”Ÿç—…', 'æ°´è°ƒ', 'æ— ', 7),
(6, 1, '5', 1, 8, '2016-04-19', '', '', '', 7);

-- --------------------------------------------------------

--
-- è¡¨çš„ç»“æ„ `ap_medicine`
--

CREATE TABLE IF NOT EXISTS `ap_medicine` (
  `medicine_id` int(11) NOT NULL AUTO_INCREMENT,
  `medicine_name` varchar(20) NOT NULL DEFAULT '',
  `medicine_use` varchar(50) NOT NULL DEFAULT '',
  `medicine_precautions` varchar(50) NOT NULL DEFAULT '',
  `medicine_code` char(10) NOT NULL DEFAULT '' COMMENT 'ç¼–ç  ',
  PRIMARY KEY (`medicine_id`)
) ENGINE=InnoDB  DEFAULT CHARSET=utf8 AUTO_INCREMENT=18 ;

--
-- è½¬å­˜è¡¨ä¸­çš„æ•°æ® `ap_medicine`
--

INSERT INTO `ap_medicine` (`medicine_id`, `medicine_name`, `medicine_use`, `medicine_precautions`, `medicine_code`) VALUES
(1, 'æµ·è”ç§‘103', 'ä¿å¥', 'ä¿å¥', '12'),
(2, 'æµ·è”ç§‘3505', 'ä¿å¥', '', ''),
(3, 'æµ·è”ç§‘ç»´ç”Ÿç´ ', 'ä¿å¥', '', ''),
(4, 'èšŒæ¯’çµæ•£\r\n', 'ä¿å¥', '', ''),
(5, 'åº·åŠ›æ²™', 'æ²»ç–—', '', ''),
(6, 'æ©è¯ºæ²™æ˜Ÿ', 'æ²»ç–—', '', ''),
(7, 'æ°Ÿè‹¯å°¼è€ƒ', 'æ²»ç–—', '', ''),
(8, 'æµ·è”ç§‘101', 'è°ƒæ°´', '', ''),
(9, 'æµ·è”ç§‘202', 'è°ƒæ°´', '', ''),
(10, 'æµ·è”ç§‘206', 'è°ƒæ°´', '', ''),
(11, 'æµ·è”ç§‘502', 'æŠ—åº”æ¿€', '', ''),
(12, 'æµ·è”ç§‘æ± åº•å®‰', 'æ”¹åº•', '', ''),
(13, 'æµ·è”ç§‘é»‘ç²¾çµ', 'è°ƒæ°´', '', ''),
(14, 'æµ·è”ç§‘ç²’ç²’æ°§', 'å¢æ°§', '', ''),
(15, 'æµ·è”ç§‘è‚²è—»è†', 'è‚¥æ°´', '', ''),
(16, 'æµ·è”ç§‘èšç»´é…®ç¢˜æº¶æ¶²', 'æ¶ˆæ¯’', '', ''),
(17, 'æµ·è”ç§‘äºŒæ°§åŒ–æ°¯', 'æ¶ˆæ¯’', '', '');

-- --------------------------------------------------------

--
-- è¡¨çš„ç»“æ„ `ap_member`
--

CREATE TABLE IF NOT EXISTS `ap_member` (
  `member_id` int(11) NOT NULL AUTO_INCREMENT,
  `member_username` varchar(30) NOT NULL DEFAULT '',
  `member_password` varchar(55) NOT NULL DEFAULT '',
  `member_role` int(11) NOT NULL COMMENT 'è§’è‰²ï¼ˆ1ç³»ç»Ÿç®¡ç†å‘˜2åŸºç¡€ç®¡ç†å‘˜3æ™®é€šç”¨æˆ·ï¼‰',
  `member_base_id` int(11) DEFAULT '0',
  `member_pool_id` int(11) DEFAULT '0',
  `member_permission` int(11) NOT NULL COMMENT 'æƒé™æ§åˆ¶',
  PRIMARY KEY (`member_id`),
  UNIQUE KEY `member_username` (`member_username`),
  KEY `member_base_id` (`member_base_id`),
  KEY `member_pool_id` (`member_pool_id`),
  KEY `member_pool_id_2` (`member_pool_id`)
) ENGINE=InnoDB  DEFAULT CHARSET=utf8 COMMENT='ç”¨æˆ·è¡¨' AUTO_INCREMENT=18 ;

--
-- è½¬å­˜è¡¨ä¸­çš„æ•°æ® `ap_member`
--

INSERT INTO `ap_member` (`member_id`, `member_username`, `member_password`, `member_role`, `member_base_id`, `member_pool_id`, `member_permission`) VALUES
(1, 'baseadmin', 'test', 2, 1, 0, 0),
(2, 'superadmin', '47aafdea08632dd73b61a81e5909ea25', 1, 0, 0, 0),
(3, 'user12', 'test', 3, 1, 2, 0),
(4, 'baseadmin2', 'test', 2, 2, 0, 0),
(7, 'user11', 'test', 3, 1, 1, 0),
(8, 'user26', 'test', 3, 2, 6, 0),
(10, 'superadmin1', '123', 2, 1, 0, 0),
(11, 'superadmin2', '123', 2, 1, 0, 0),
(15, 'superadmin111', 'a2309310628434a2bd8d675ee2bac467', 2, 1, 0, 1),
(17, 'user111', 'a06da7664146a0ccd23dbc0373ad3aaa', 3, 1, 1, 0);

-- --------------------------------------------------------

--
-- è¡¨çš„ç»“æ„ `ap_patrol`
--

CREATE TABLE IF NOT EXISTS `ap_patrol` (
  `patrol_id` int(11) NOT NULL AUTO_INCREMENT,
  `patrol_pool_id` int(11) DEFAULT '0',
  `patrol_cage_id` int(11) DEFAULT '0',
  `patrol_fry_id` int(11) DEFAULT '0',
  `patrol_number` varchar(20) NOT NULL DEFAULT '',
  `patrol_weight` varchar(15) NOT NULL DEFAULT '',
  `patrol_death_reason` varchar(300) NOT NULL DEFAULT '',
  `patrol_death_date` varchar(20) NOT NULL DEFAULT '',
  `patrol_member_id` int(11) DEFAULT '0',
  `patrol_remark` varchar(400) NOT NULL DEFAULT '',
  `patrol_pool_img` varchar(100) NOT NULL DEFAULT '',
  `patrol_coordinate` varchar(20) NOT NULL DEFAULT '',
  PRIMARY KEY (`patrol_id`),
  KEY `patrol_pool_id` (`patrol_pool_id`,`patrol_cage_id`,`patrol_fry_id`,`patrol_member_id`),
  KEY `patrol_member_id` (`patrol_member_id`),
  KEY `patrol_cage_id` (`patrol_cage_id`),
  KEY `patrol_fry_id` (`patrol_fry_id`)
) ENGINE=InnoDB  DEFAULT CHARSET=utf8 AUTO_INCREMENT=8 ;

--
-- è½¬å­˜è¡¨ä¸­çš„æ•°æ® `ap_patrol`
--

INSERT INTO `ap_patrol` (`patrol_id`, `patrol_pool_id`, `patrol_cage_id`, `patrol_fry_id`, `patrol_number`, `patrol_weight`, `patrol_death_reason`, `patrol_death_date`, `patrol_member_id`, `patrol_remark`, `patrol_pool_img`, `patrol_coordinate`) VALUES
(1, 1, 0, 2, '10', '5æ–¤', 'å¤©æ°”å½±å“', '2016-02-23 22:34', 7, 'æ— ', '', ''),
(2, 1, 1, 1, '1', '1', 'ä¸æ˜', '2016-03-18', 7, 'æ— ', '', ''),
(3, 0, 6, 1, '1', '1', '22', '2016-03-31', 7, '', '', ''),
(4, 1, 0, 3, '562', '565', 'no', '2016-04-15', 7, ' 563', '', '65'),
(6, 1, 8, 3, '23', '12', 'å¤©æ°”', '2016-04-19', 7, ' æ— ', 'wechat_img/2016/04/19/659dbc7a3330d74761cafdeb9b7a0a2d.jpg', '40.0'),
(7, 1, 11, 1, '5', '5', 'æ— ', '2016-04-19', 7, ' ', 'wechat_img/2016/04/19/e44dfb5819f2c60f965ade9407bd8e64.jpg', '40.0');

-- --------------------------------------------------------

--
-- è¡¨çš„ç»“æ„ `ap_pool`
--

CREATE TABLE IF NOT EXISTS `ap_pool` (
  `pool_id` int(11) NOT NULL AUTO_INCREMENT COMMENT 'æ± å¡˜ç¼–å·',
  `pool_name` varchar(20) NOT NULL DEFAULT '' COMMENT 'æ± å¡˜åç§°',
  `pool_base_id` int(11) DEFAULT NULL COMMENT 'æ± å¡˜æ‰€å±åŸºåœ°ç¼–å·',
  `pool_addr` varchar(50) NOT NULL DEFAULT '' COMMENT 'æ± å¡˜åœ°å€',
  `pool_area` varchar(20) NOT NULL DEFAULT '' COMMENT 'æ± å¡˜æ°´é¢é¢ç§¯',
  `pool_depth` varchar(20) NOT NULL DEFAULT '' COMMENT 'æ± å¡˜æ°´æ·±',
  `pool_equipment` varchar(30) NOT NULL DEFAULT '' COMMENT 'å…»æ®–æ‰€ç”¨è®¾å¤‡è®¾æ–½',
  `pool_model` varchar(30) NOT NULL DEFAULT '' COMMENT 'å…»æ®–æ¨¡å¼',
  `pool_coordinate` varchar(20) NOT NULL DEFAULT '',
  `pool_time` varchar(20) NOT NULL DEFAULT '',
  `pool_smart_id` int(11) NOT NULL,
  `pool_code` char(5) DEFAULT NULL COMMENT 'æ± å¡˜ç¼–ç ',
  PRIMARY KEY (`pool_id`),
  KEY `pool_base_id` (`pool_base_id`),
  KEY `pool_addr` (`pool_addr`),
  KEY `pool_base_id_2` (`pool_base_id`),
  KEY `pool_base_id_3` (`pool_base_id`),
  KEY `pool_base_id_4` (`pool_base_id`)
) ENGINE=InnoDB  DEFAULT CHARSET=utf8 COMMENT='æ± å¡˜ä¿¡æ¯' AUTO_INCREMENT=15 ;

--
-- è½¬å­˜è¡¨ä¸­çš„æ•°æ® `ap_pool`
--

INSERT INTO `ap_pool` (`pool_id`, `pool_name`, `pool_base_id`, `pool_addr`, `pool_area`, `pool_depth`, `pool_equipment`, `pool_model`, `pool_coordinate`, `pool_time`, `pool_smart_id`, `pool_code`) VALUES
(1, '11å·å¡˜', 1, '11å·å¡˜åœ°å€', '1000å¹³æ–¹ç±³', '610ç±³', 'å¢æ°§æœº', 'ç½‘ç®±', '123.123.12', '2016-02-06 21:13', 0, '123'),
(2, '14å·å¡˜', 2, '14å·å¡˜åœ°å€', '1000å¹³æ–¹ç±³', '300ç±³', 'å¢æ°§æœº', 'ç½‘ç®±', '123.123.2', '2016-02-06 21:13', 0, NULL),
(3, '15å·å¡˜', 1, '15å·å¡˜åœ°å€', '500å¹³æ–¹ç±³', '200ç±³', 'å¢æ°§æœº', 'ç½‘ç®±', '123.123.1', '2016-02-15 20:38', 0, '121'),
(14, '1', 1, '1', '1', '1', '1', 'å¤§å¡˜æ··å…»', '1', '2016-06-02 14:55', 0, '1');

-- --------------------------------------------------------

--
-- è¡¨çš„ç»“æ„ `ap_record`
--

CREATE TABLE IF NOT EXISTS `ap_record` (
  `record_id` int(11) NOT NULL AUTO_INCREMENT,
  `record_pool_id` int(11) DEFAULT '0',
  `record_cage_id` int(11) DEFAULT '0',
  `record_fry_id` int(11) DEFAULT '0',
  `record_transfer_pool_id` int(11) DEFAULT '0',
  `record_transfer_cage_id` int(11) DEFAULT '0',
  `record_member_id` int(11) DEFAULT '0',
  `record_batch` varchar(20) NOT NULL DEFAULT '',
  `record_number` varchar(20) NOT NULL DEFAULT '',
  `record_weight` varchar(20) NOT NULL DEFAULT '',
  `record_time` varchar(20) NOT NULL DEFAULT '',
  `record_type` varchar(20) NOT NULL DEFAULT '',
  `record_remark` varchar(200) NOT NULL DEFAULT '',
  `record_transfer_number` varchar(20) NOT NULL DEFAULT '',
  `record_transfer_weight` varchar(20) NOT NULL DEFAULT '',
  PRIMARY KEY (`record_id`),
  KEY `record_pool_id` (`record_pool_id`),
  KEY `record_cage_id` (`record_cage_id`),
  KEY `record_fry_id` (`record_fry_id`),
  KEY `record_transfer_pool_id` (`record_transfer_pool_id`),
  KEY `record_transfer_cage_id` (`record_transfer_cage_id`),
  KEY `record_member_id` (`record_member_id`)
) ENGINE=InnoDB  DEFAULT CHARSET=utf8 AUTO_INCREMENT=4 ;

--
-- è½¬å­˜è¡¨ä¸­çš„æ•°æ® `ap_record`
--

INSERT INTO `ap_record` (`record_id`, `record_pool_id`, `record_cage_id`, `record_fry_id`, `record_transfer_pool_id`, `record_transfer_cage_id`, `record_member_id`, `record_batch`, `record_number`, `record_weight`, `record_time`, `record_type`, `record_remark`, `record_transfer_number`, `record_transfer_weight`) VALUES
(1, 1, 2, 3, 0, 0, 7, 'ç¬¬ä¸€æ‰¹', '66524', '100æ–¤', '3æœˆ4æ—¥', 'é”€å”®', 'å¤‡æ³¨test', '', ''),
(2, 1, 2, 2, 0, 0, 7, 'ç¬¬äºŒæ‰¹', '100æ¡', '100æ–¤', '16.3.3', 'é”€å”®', 'test', '', ''),
(3, 1, 2, 2, 1, 6, 7, '3', '', '', '16.3.3', 'è½¬å¡˜', 'test', '100æ¡', '100æ–¤');

-- --------------------------------------------------------

--
-- è¡¨çš„ç»“æ„ `ap_sale`
--

CREATE TABLE IF NOT EXISTS `ap_sale` (
  `sale_id` int(11) NOT NULL AUTO_INCREMENT,
  `sale_record_id` int(11) DEFAULT '0',
  `sale_client_name` varchar(20) NOT NULL DEFAULT '',
  `sale_client_tel` varchar(20) NOT NULL DEFAULT '',
  `sale_fry_id` int(11) DEFAULT '0',
  `sale_number` varchar(20) NOT NULL DEFAULT '',
  `sale_weight` varchar(20) NOT NULL DEFAULT '',
  `sale_univalent` varchar(20) NOT NULL DEFAULT '',
  `sale_sales` varchar(20) NOT NULL DEFAULT '',
  `sale_member_id` int(11) DEFAULT '0',
  `sale_remark` varchar(200) NOT NULL DEFAULT '',
  PRIMARY KEY (`sale_id`),
  KEY `sale_record_id` (`sale_record_id`),
  KEY `sale_fry_id` (`sale_fry_id`),
  KEY `sale_member_id` (`sale_member_id`)
) ENGINE=InnoDB  DEFAULT CHARSET=utf8 AUTO_INCREMENT=3 ;

--
-- è½¬å­˜è¡¨ä¸­çš„æ•°æ® `ap_sale`
--

INSERT INTO `ap_sale` (`sale_id`, `sale_record_id`, `sale_client_name`, `sale_client_tel`, `sale_fry_id`, `sale_number`, `sale_weight`, `sale_univalent`, `sale_sales`, `sale_member_id`, `sale_remark`) VALUES
(1, 1, 'æŸå†œæ‰¹å¸‚åœº', '612626', 3, '100æ¡', '100æ–¤', '1ä¸‡', '1000ä¸‡', 7, 'å¤‡æ³¨test'),
(2, 1, 'å®¢æˆ·åç§°', 'å®¢æˆ·ç”µè¯å·ç ', 1, 'æ•°é‡', 'é‡é‡', 'å•ä»·', 'é”€å”®é‡‘é¢', 7, 'å¤‡æ³¨');

-- --------------------------------------------------------

--
-- è¡¨çš„ç»“æ„ `ap_stocking`
--

CREATE TABLE IF NOT EXISTS `ap_stocking` (
  `stocking_id` int(11) NOT NULL AUTO_INCREMENT,
  `stocking_batch` int(11) NOT NULL DEFAULT '0' COMMENT 'æ‰¹æ¬¡',
  `stocking_cage_id` int(11) DEFAULT NULL,
  `stocking_fry_id` int(11) DEFAULT NULL,
  `stocking_number` int(11) NOT NULL DEFAULT '0',
  `stocking_specifications` varchar(30) NOT NULL DEFAULT '',
  `stocking_start_time` varchar(20) NOT NULL DEFAULT '',
  `stocking_finish_time` varchar(20) NOT NULL DEFAULT '',
  `stocking_member_id` int(11) DEFAULT '0',
  `stocking_remark` varchar(400) NOT NULL DEFAULT '',
  PRIMARY KEY (`stocking_id`),
  KEY `stocking_cage_id` (`stocking_cage_id`,`stocking_fry_id`),
  KEY `stocking_fry_id` (`stocking_fry_id`),
  KEY `stocking_member_id` (`stocking_member_id`)
) ENGINE=InnoDB  DEFAULT CHARSET=utf8 AUTO_INCREMENT=34 ;

--
-- è½¬å­˜è¡¨ä¸­çš„æ•°æ® `ap_stocking`
--

INSERT INTO `ap_stocking` (`stocking_id`, `stocking_batch`, `stocking_cage_id`, `stocking_fry_id`, `stocking_number`, `stocking_specifications`, `stocking_start_time`, `stocking_finish_time`, `stocking_member_id`, `stocking_remark`) VALUES
(3, 1, 7, 1, 145, '1æ–¤', '2016-02-23 22:30', '2016-02-23 22:30', 7, 'æ— '),
(4, 2, 2, 2, 100, '1æ–¤', '2016-03-11', '2016-03-17', 7, 'æ— '),
(5, 3, 1, 1, 23, '12', ' 2016-02-20 15:53', ' 2016-02-20 15:53', 7, ' 2016-02-20 15:53'),
(6, 4, 1, 1, 100, '100', '2016-02-21 09:42', '2016-02-21 09:42', 7, 'test'),
(7, 5, 2, 1, 1232, '123', '2016-02-21 09:42', '2016-02-21 09:42', 7, 'test'),
(10, 6, 2, 2, 0, 't', 't', 't', 7, 't'),
(11, 0, 1, 1, 0, 't', 't', 't', 7, 'tt'),
(12, 123, 2, 1, 0, '', '', '', 7, ''),
(14, 33, 2, 1, 0, '', '', '', 7, ''),
(15, 22, 1, 1, 0, '', '', '', 7, ''),
(16, 23, 1, 1, 0, '', '', '', 7, ''),
(18, 24, 2, 1, 0, '', '', '', 7, ''),
(19, 3, 2, 2, 100, '100', '2016-03-07', '2016-03-25', 7, 'test'),
(20, 3, 2, 2, 100, '100', '2016-03-02', '2016-03-16', 7, 'test'),
(21, 3, 2, 2, 100, '100', '2016-03-02', '2016-03-16', 7, 'test'),
(22, 3, 6, 3, 100, '100', '2016-03-02', '2016-03-09', 7, 'test'),
(23, 0, NULL, 1, 0, '', '2016-03-08', '2016-03-23', 7, ''),
(24, 1111111, NULL, 1, 12, '1', '2016-03-31', '2016-03-31', 7, ''),
(25, 12, NULL, 3, 2, '12', '2016-07-14', '2016-07-15', 17, '1233'),
(26, 12, NULL, 2, 21, '1213', '2016-07-14', '2016-07-09', 17, '1235'),
(27, 45, NULL, 2, 45, '45', '2016-07-08', '2016-10-13', 17, '45'),
(28, 78, NULL, 2, 45, '23', '2016-07-14', '2016-07-15', 17, '123'),
(29, 233, NULL, 1, 233, '32', '', '2016-07-21', 17, '22333'),
(30, 234, NULL, 1, 234, '234', '', '2016-07-29', 17, '54789451'),
(31, 456, NULL, 2, 456, '456', '', '', 17, '456'),
(32, 555, NULL, 2, 546, '56', '', '', 17, '45645'),
(33, 666, NULL, 1, 666, '666', '2016-07-09', '2016-07-15', 17, '666');

-- --------------------------------------------------------

--
-- è¡¨çš„ç»“æ„ `ap_trace`
--

CREATE TABLE IF NOT EXISTS `ap_trace` (
  `trace_id` int(11) NOT NULL AUTO_INCREMENT,
  `trace_sale_id` int(11) DEFAULT '0',
  `trace_basename` varchar(20) NOT NULL DEFAULT '',
  `trace_pool_id` int(11) DEFAULT '0',
  `trace_fry_id` int(11) DEFAULT '0',
  `trace_member_id` int(11) DEFAULT '0',
  `trace_is_water` varchar(20) NOT NULL DEFAULT '',
  `trace_is_medicine` varchar(20) NOT NULL DEFAULT '',
  `trace_start_time` varchar(20) NOT NULL DEFAULT '',
  `trace_finish_time` varchar(20) NOT NULL DEFAULT '',
  `trace_client_name` varchar(20) NOT NULL DEFAULT '',
  `trace_tel` varchar(20) NOT NULL DEFAULT '',
  `trace_base_id` int(11) DEFAULT '0',
  PRIMARY KEY (`trace_id`),
  KEY `trace_sale_id` (`trace_sale_id`),
  KEY `trace_base_id` (`trace_basename`),
  KEY `trace_pool_id` (`trace_pool_id`),
  KEY `trace_fry_id` (`trace_fry_id`),
  KEY `trace_member_id` (`trace_member_id`),
  KEY `trace_base_id_2` (`trace_base_id`)
) ENGINE=InnoDB  DEFAULT CHARSET=utf8 AUTO_INCREMENT=3 ;

--
-- è½¬å­˜è¡¨ä¸­çš„æ•°æ® `ap_trace`
--

INSERT INTO `ap_trace` (`trace_id`, `trace_sale_id`, `trace_basename`, `trace_pool_id`, `trace_fry_id`, `trace_member_id`, `trace_is_water`, `trace_is_medicine`, `trace_start_time`, `trace_finish_time`, `trace_client_name`, `trace_tel`, `trace_base_id`) VALUES
(1, 1, 'æ´ªæ™“æ³¢', 1, 2, 7, 'æ°´è´¨è¾¾æ ‡', 'ç”¨è¯è¾¾æ ‡test', '2016-03-01', '2016-03-02', 'æ´ªæ™“å³°', '726261', 1),
(2, 1, 'æ´ªæ™“å‡¤', 1, 2, 7, 'æ˜¯', 'æ˜¯', '2016-03-04', '2016-03-06', 'æ´ªæ™“æ³¢', '123456', 1);

--
-- é™åˆ¶å¯¼å‡ºçš„è¡¨
--

--
-- é™åˆ¶è¡¨ `ap_cage`
--
ALTER TABLE `ap_cage`
  ADD CONSTRAINT `ap_cage_ibfk_1` FOREIGN KEY (`cage_pool_id`) REFERENCES `ap_pool` (`pool_id`) ON DELETE SET NULL ON UPDATE CASCADE;

--
-- é™åˆ¶è¡¨ `ap_feeding`
--
ALTER TABLE `ap_feeding`
  ADD CONSTRAINT `ap_feeding_ibfk_3` FOREIGN KEY (`feeding_feed_id`) REFERENCES `ap_feed` (`feed_id`) ON DELETE SET NULL ON UPDATE CASCADE,
  ADD CONSTRAINT `ap_feeding_ibfk_4` FOREIGN KEY (`feeding_member_id`) REFERENCES `ap_member` (`member_id`) ON DELETE SET NULL ON UPDATE CASCADE;

--
-- é™åˆ¶è¡¨ `ap_indicator`
--
ALTER TABLE `ap_indicator`
  ADD CONSTRAINT `ap_indicator_ibfk_1` FOREIGN KEY (`indicator_pool_id`) REFERENCES `ap_pool` (`pool_id`) ON DELETE SET NULL ON UPDATE CASCADE,
  ADD CONSTRAINT `ap_indicator_ibfk_2` FOREIGN KEY (`indicator_cage_id`) REFERENCES `ap_cage` (`cage_id`) ON DELETE SET NULL ON UPDATE CASCADE,
  ADD CONSTRAINT `ap_indicator_ibfk_3` FOREIGN KEY (`indicator_member_id`) REFERENCES `ap_member` (`member_id`) ON DELETE SET NULL ON UPDATE CASCADE;

--
-- é™åˆ¶è¡¨ `ap_medication`
--
ALTER TABLE `ap_medication`
  ADD CONSTRAINT `ap_medication_ibfk_1` FOREIGN KEY (`medication_medicine_id`) REFERENCES `ap_medicine` (`medicine_id`) ON DELETE SET NULL ON UPDATE CASCADE,
  ADD CONSTRAINT `ap_medication_ibfk_4` FOREIGN KEY (`medication_member_id`) REFERENCES `ap_member` (`member_id`) ON DELETE SET NULL ON UPDATE CASCADE;

--
-- é™åˆ¶è¡¨ `ap_patrol`
--
ALTER TABLE `ap_patrol`
  ADD CONSTRAINT `ap_patrol_ibfk_3` FOREIGN KEY (`patrol_fry_id`) REFERENCES `ap_fry` (`fry_id`) ON DELETE SET NULL ON UPDATE CASCADE,
  ADD CONSTRAINT `ap_patrol_ibfk_4` FOREIGN KEY (`patrol_member_id`) REFERENCES `ap_member` (`member_id`) ON DELETE SET NULL ON UPDATE CASCADE;

--
-- é™åˆ¶è¡¨ `ap_pool`
--
ALTER TABLE `ap_pool`
  ADD CONSTRAINT `ap_pool_ibfk_2` FOREIGN KEY (`pool_base_id`) REFERENCES `ap_base` (`base_id`) ON DELETE SET NULL ON UPDATE CASCADE;

--
-- é™åˆ¶è¡¨ `ap_record`
--
ALTER TABLE `ap_record`
  ADD CONSTRAINT `ap_record_ibfk_1` FOREIGN KEY (`record_pool_id`) REFERENCES `ap_pool` (`pool_id`) ON DELETE SET NULL ON UPDATE CASCADE,
  ADD CONSTRAINT `ap_record_ibfk_2` FOREIGN KEY (`record_cage_id`) REFERENCES `ap_cage` (`cage_id`) ON DELETE SET NULL ON UPDATE CASCADE,
  ADD CONSTRAINT `ap_record_ibfk_3` FOREIGN KEY (`record_fry_id`) REFERENCES `ap_fry` (`fry_id`) ON DELETE SET NULL ON UPDATE CASCADE,
  ADD CONSTRAINT `ap_record_ibfk_6` FOREIGN KEY (`record_member_id`) REFERENCES `ap_member` (`member_id`) ON DELETE SET NULL ON UPDATE CASCADE;

--
-- é™åˆ¶è¡¨ `ap_sale`
--
ALTER TABLE `ap_sale`
  ADD CONSTRAINT `ap_sale_ibfk_1` FOREIGN KEY (`sale_record_id`) REFERENCES `ap_record` (`record_id`) ON DELETE SET NULL ON UPDATE CASCADE,
  ADD CONSTRAINT `ap_sale_ibfk_2` FOREIGN KEY (`sale_fry_id`) REFERENCES `ap_fry` (`fry_id`) ON DELETE SET NULL ON UPDATE CASCADE,
  ADD CONSTRAINT `ap_sale_ibfk_3` FOREIGN KEY (`sale_member_id`) REFERENCES `ap_member` (`member_id`) ON DELETE SET NULL ON UPDATE CASCADE;

--
-- é™åˆ¶è¡¨ `ap_stocking`
--
ALTER TABLE `ap_stocking`
  ADD CONSTRAINT `ap_stocking_ibfk_1` FOREIGN KEY (`stocking_cage_id`) REFERENCES `ap_cage` (`cage_id`) ON DELETE SET NULL ON UPDATE CASCADE,
  ADD CONSTRAINT `ap_stocking_ibfk_2` FOREIGN KEY (`stocking_fry_id`) REFERENCES `ap_fry` (`fry_id`) ON DELETE SET NULL ON UPDATE CASCADE,
  ADD CONSTRAINT `ap_stocking_ibfk_3` FOREIGN KEY (`stocking_member_id`) REFERENCES `ap_member` (`member_id`) ON DELETE SET NULL ON UPDATE CASCADE;

--
-- é™åˆ¶è¡¨ `ap_trace`
--
ALTER TABLE `ap_trace`
  ADD CONSTRAINT `ap_trace_ibfk_1` FOREIGN KEY (`trace_sale_id`) REFERENCES `ap_sale` (`sale_id`) ON DELETE SET NULL ON UPDATE CASCADE,
  ADD CONSTRAINT `ap_trace_ibfk_3` FOREIGN KEY (`trace_pool_id`) REFERENCES `ap_pool` (`pool_id`) ON DELETE SET NULL ON UPDATE CASCADE,
  ADD CONSTRAINT `ap_trace_ibfk_4` FOREIGN KEY (`trace_fry_id`) REFERENCES `ap_fry` (`fry_id`) ON DELETE SET NULL ON UPDATE CASCADE,
  ADD CONSTRAINT `ap_trace_ibfk_5` FOREIGN KEY (`trace_member_id`) REFERENCES `ap_member` (`member_id`) ON DELETE SET NULL ON UPDATE CASCADE,
  ADD CONSTRAINT `ap_trace_ibfk_6` FOREIGN KEY (`trace_base_id`) REFERENCES `ap_base` (`base_id`) ON DELETE SET NULL ON UPDATE CASCADE;

/*!40101 SET CHARACTER_SET_CLIENT=@OLD_CHARACTER_SET_CLIENT */;
/*!40101 SET CHARACTER_SET_RESULTS=@OLD_CHARACTER_SET_RESULTS */;
/*!40101 SET COLLATION_CONNECTION=@OLD_COLLATION_CONNECTION */;
