-- phpMyAdmin SQL Dump
-- version phpStudy 2014
-- http://www.phpmyadmin.net
--
-- ‰∏ªÊú∫: localhost
-- ÁîüÊàêÊó•Êúü: 2016 Âπ?09 Êú?05 Êó?16:04
-- ÊúçÂä°Âô®ÁâàÊú¨: 5.5.47
-- PHP ÁâàÊú¨: 5.5.30

SET SQL_MODE="NO_AUTO_VALUE_ON_ZERO";
SET time_zone = "+00:00";


/*!40101 SET @OLD_CHARACTER_SET_CLIENT=@@CHARACTER_SET_CLIENT */;
/*!40101 SET @OLD_CHARACTER_SET_RESULTS=@@CHARACTER_SET_RESULTS */;
/*!40101 SET @OLD_COLLATION_CONNECTION=@@COLLATION_CONNECTION */;
/*!40101 SET NAMES utf8 */;

--
-- Êï∞ÊçÆÂ∫ì: `aquatic`
--

-- --------------------------------------------------------

--
-- Ë°®ÁöÑÁªìÊûÑ `ap_base`
--

CREATE TABLE IF NOT EXISTS `ap_base` (
  `base_id` int(11) NOT NULL AUTO_INCREMENT COMMENT 'Âü∫Âú∞ÁºñÂè∑',
  `base_name` varchar(20) NOT NULL DEFAULT '' COMMENT 'Âü∫Âú∞ÂêçÁß∞',
  `base_addr` varchar(50) NOT NULL DEFAULT '' COMMENT 'Âü∫Âú∞Âú∞ÂùÄ',
  `base_source_water` varchar(50) NOT NULL DEFAULT '' COMMENT 'Ê∞¥Ë¥®Êù•Ê∫ê',
  `base_scale` varchar(50) NOT NULL DEFAULT '' COMMENT 'Âü∫Âú∞ËßÑÊ®°',
  `base_contacts` varchar(20) NOT NULL DEFAULT '' COMMENT 'ËÅîÁ≥ª‰∫∫',
  `base_tel` varchar(30) NOT NULL DEFAULT '' COMMENT 'ËÅîÁ≥ªÁîµËØù',
  `base_time` varchar(20) NOT NULL DEFAULT '' COMMENT 'Êó∂Èó¥',
  `base_coordinate` varchar(20) NOT NULL DEFAULT '',
  `base_code` char(5) NOT NULL DEFAULT '',
  PRIMARY KEY (`base_id`)
) ENGINE=InnoDB  DEFAULT CHARSET=utf8 COMMENT='Âü∫Âú∞Âü∫Êú¨‰ø°ÊÅØ' AUTO_INCREMENT=16 ;

--
-- ËΩ¨Â≠òË°®‰∏≠ÁöÑÊï∞ÊçÆ `ap_base`
--

INSERT INTO `ap_base` (`base_id`, `base_name`, `base_addr`, `base_source_water`, `base_scale`, `base_contacts`, `base_tel`, `base_time`, `base_coordinate`, `base_code`) VALUES
(1, 'Êµ∑Â§ßÊ≤ôÂåóÂü∫Âú∞', 'Êµ∑È∏•Â≤õ', 'Êµ∑È∏•Â≤õ', 'Âü∫Âú∞ÂÖªÊÆñÈù¢ÁßØ1247.5ÂÖ¨È°∑', 'ËãèÊåØÁêÉ', '13488882222', '2016-02-01 21:13', '116.439.7', '123'),
(2, 'Êµ∑Â§ßÂÆûÈ™åÂü∫Âú∞', 'ÂÆûÈ™åÂü∫Âú∞', 'ÂÆûÈ™åÊ∞¥Â∫ì', 'Âü∫Âú∞ÂÖªÊÆñÈù¢ÁßØ1247.5ÂÖ¨È°∑', 'ËãèÊåØÁêÉ', '13488882222', '2016-02-06 21:13', '116.439.9', '111'),
(3, '1', '1', '1', '1', '1', '1', '2016-07-09 22:56', '1', '1'),
(4, '12', '123', 'qwe', '324', '234', '234', '2016-07-09 23:02', '234', 'asd'),
(14, '', '', '', '', '', 'asdfghjklqq', '2016-07-30 14:44', '', '12341'),
(15, '', '', '', '', '', 'asdqwertyui', '2016-07-30 14:45', '', '31231');

-- --------------------------------------------------------

--
-- Ë°®ÁöÑÁªìÊûÑ `ap_cage`
--

CREATE TABLE IF NOT EXISTS `ap_cage` (
  `cage_id` int(11) NOT NULL AUTO_INCREMENT,
  `cage_rowid` int(11) NOT NULL COMMENT 'ÊéíÁºñÂè∑',
  `cage_rowname` varchar(20) NOT NULL DEFAULT '' COMMENT 'ÊéíÂêçÁß∞',
  `cage_number` int(11) NOT NULL COMMENT 'ÁΩëÁÆ±Êï∞Èáè',
  `cage_pool_id` int(11) DEFAULT NULL COMMENT 'ÊâÄÂ±ûÊ±†Â°òid',
  `cage_code` char(5) DEFAULT NULL COMMENT 'ÁºñÁ†Å',
  `cage_row_code` char(5) DEFAULT NULL COMMENT 'ÊéíÁºñÁ†Å',
  `cage_coordinate` varchar(255) NOT NULL COMMENT 'ÂùêÊ†á',
  PRIMARY KEY (`cage_id`),
  KEY `cage_pool_id` (`cage_pool_id`)
) ENGINE=InnoDB  DEFAULT CHARSET=utf8 COMMENT='ÁΩëÁÆ±‰ø°ÊÅØÔºàÊ±†Â°òÂÖªÊÆñÊ®°Âºè‰∏∫ÁΩëÁÆ±ÂÖªÊÆñÊâçÈúÄË¶ÅÁª¥Êä§ÁΩëÁÆ±‰ø°ÊÅØÔºâ' AUTO_INCREMENT=26 ;

--
-- ËΩ¨Â≠òË°®‰∏≠ÁöÑÊï∞ÊçÆ `ap_cage`
--

INSERT INTO `ap_cage` (`cage_id`, `cage_rowid`, `cage_rowname`, `cage_number`, `cage_pool_id`, `cage_code`, `cage_row_code`, `cage_coordinate`) VALUES
(1, 1, '31Êéí', 10, 1, '111', '14444', '113.538231,22.93556;113.538433,22.935011;'),
(2, 2, '30Êéí', 15, 1, '2', '12', '113.538051,22.935506;113.538262,22.934948;'),
(6, 3, '13Êéí', 6, 1, NULL, NULL, '113.537903,22.935444;113.538092,22.934882;'),
(7, 4, '14Êéí', 10, 1, NULL, NULL, '113.537737,22.935385;113.537926,22.934828;'),
(8, 5, '15Êéí', 10, 1, NULL, NULL, '113.537759,22.934774;113.537571,22.935331;'),
(9, 6, '16Êéí', 10, 1, NULL, NULL, ''),
(10, 7, '17Êéí', 10, 1, NULL, NULL, ''),
(11, 8, '18Êéí', 10, 1, NULL, NULL, ''),
(12, 9, '19Êéí', 10, 1, NULL, NULL, ''),
(13, 10, '20Êéí', 10, 1, NULL, NULL, ''),
(14, 11, '21Êéí', 10, 2, NULL, NULL, ''),
(15, 12, '22Êéí', 10, 2, NULL, NULL, ''),
(16, 13, '23Êéí', 10, 2, NULL, NULL, ''),
(17, 14, '24Êéí', 10, 2, NULL, NULL, ''),
(18, 15, '25Êéí', 10, 2, NULL, NULL, ''),
(19, 16, '26Êéí', 10, 3, NULL, NULL, ''),
(20, 17, '27Êéí', 10, 3, NULL, NULL, '113.536933,22.934474;113.536771,22.934948;'),
(21, 18, '28Êéí', 10, 3, NULL, NULL, '113.537683,22.934503;113.537831,22.93405;'),
(22, 19, '29Êéí', 10, 3, NULL, '2222', '113.538078,22.934649;113.538226,22.934162;'),
(23, 20, '30Êéí', 10, 3, NULL, '1111', '113.538051,22.935506;113.538262,22.934948;'),
(24, 444, '44Êéí', 12, NULL, NULL, '5454', ''),
(25, 333, '333Êéí', 333, NULL, NULL, '3333', '');

-- --------------------------------------------------------

--
-- Ë°®ÁöÑÁªìÊûÑ `ap_device_info_t`
--

CREATE TABLE IF NOT EXISTS `ap_device_info_t` (
  `msisdn` varchar(15) DEFAULT NULL,
  `deviceName` varchar(20) NOT NULL,
  `deviceType` varchar(1) DEFAULT NULL COMMENT '0:ÈááÈõÜÂô®            1ÔºöÂ¢ûÊ∞ßÊ≥µ           2ÔºöÊ∏ÖÊ¥óÊ≥µ           3ÔºöÊäïÈ£üÊú∫',
  `manufId` varchar(10) DEFAULT NULL,
  `typeId` varchar(10) DEFAULT NULL,
  `pondId` int(11) NOT NULL,
  `IMSI` varchar(15) NOT NULL,
  `IMEI` varchar(16) DEFAULT NULL,
  `termId` varchar(16) DEFAULT NULL,
  `longitude` varchar(10) DEFAULT NULL,
  `latitude` varchar(10) DEFAULT NULL,
  `createTime` varchar(14) NOT NULL,
  `isAble` varchar(1) DEFAULT '0' COMMENT 'ÊòØÂê¶ÊúâÊïà\r\n            0ÔºöÊúâÊïàÔºàÈªòËÆ§Ôºâ\r\n            1ÔºöÊó†Êïà',
  `controlType` varchar(1) DEFAULT NULL COMMENT '0ÔºöËá™Âä®  1ÔºöËøúÁ®ã',
  `startTime` varchar(40) DEFAULT NULL,
  `stopTime` varchar(40) DEFAULT NULL,
  `startValue` varchar(10) DEFAULT NULL,
  `stopValue` varchar(10) DEFAULT NULL,
  `serialNumber` int(11) DEFAULT NULL,
  `md5` varchar(40) DEFAULT NULL,
  PRIMARY KEY (`IMSI`)
) ENGINE=InnoDB DEFAULT CHARSET=utf8 COMMENT='Ê±†Â°òËÆæÂ§á‰ø°ÊÅØË°®';

--
-- ËΩ¨Â≠òË°®‰∏≠ÁöÑÊï∞ÊçÆ `ap_device_info_t`
--

INSERT INTO `ap_device_info_t` (`msisdn`, `deviceName`, `deviceType`, `manufId`, `typeId`, `pondId`, `IMSI`, `IMEI`, `termId`, `longitude`, `latitude`, `createTime`, `isAble`, `controlType`, `startTime`, `stopTime`, `startValue`, `stopValue`, `serialNumber`, `md5`) VALUES
('02014051307', '02014051307', '0', '', '', 1409, '02014051307', '', '', '', '', '20160301100441', '1', '1', '0304', '0506', '0.07', '0.08', NULL, 'dd'),
('02014051674', '02014051674', '1', '', '', 1403, '02014051674', '', '', '', '', '20160115162144', '0', '0', '0000', '0000', '4.00', '5.00', NULL, ''),
('02014051757', '02014051757', '1', '', '', 1405, '02014051757', '', '', '', '', '20160115162344', '0', '0', '0000', '0000', '4.00', '5.00', NULL, ''),
('02014051811', '02014051811', '1', '', '', 1406, '02014051811', '', '', '', '', '20160115165328', '0', '0', '0000', '0000', '4.00', '5.50', NULL, ''),
('02014056028', '02014056028', '1', NULL, NULL, 1400, '02014056028', NULL, NULL, NULL, NULL, '20160115133515', '0', '0', '0000', '0000', '4.00', '4.50', NULL, NULL),
('02015051111', '02015051111', '1', '', '', 1408, '02015051111', '', '', '', '', '20160120162910', '0', '0', '0000', '0000', '0.00', '0.00', NULL, ''),
('02015056084', '02015056084', '1', '', '', 1407, '02015056084', '', '', '', '', '20160115165431', '0', '0', '0000', '0000', '4.00', '4.50', NULL, ''),
('02015056121', '02015056121', '1', '', '', 1404, '02015056121', '', '', '', '', '20160115164117', '0', '0', '0000', '0000', '4.00', '5.00', NULL, ''),
('02015056131', '02015056131', '1', NULL, NULL, 1402, '02015056131', NULL, NULL, NULL, NULL, '20160115134012', '0', '0', '0000', '0000', '4.00', '5.00', NULL, NULL),
('02015056141', '02015056141', '1', '', '', 1401, '02015056141', '', '', '', '', '20160115102949', '0', '0', '0000', '0000', '4.00', '5.00', NULL, ''),
('13771340475', '13771340475', '1', '', '', 1410, '13771340475', '', '', '', '', '20160301102235', '1', '0', '1200', '1200', '4.00', '4.60', NULL, 'ww'),
('15298444394', '15298444394', '1', '', '', 1388, '15298444394', '', '', '119', '31', '20150626150612', '0', '1', '0304', '0506', '0.07', '0.08', NULL, 'eb2ae82a6ec5fb63e4cf'),
('15298444395', '15298444395', '1', '001', '0001', 1386, '15298444395', '', '', '119', '31', '20140429164812', '0', '0', '0000', '0000', '10.00', '12.00', NULL, NULL),
('15298444396', '15298444396', '1', '001', '0001', 1141, '15298444396', '', '', '119', '31', '20140429164812', '0', '1', '0000', '0000', '0.00', '0.00', NULL, NULL);

-- --------------------------------------------------------

--
-- Ë°®ÁöÑÁªìÊûÑ `ap_device_online_t`
--

CREATE TABLE IF NOT EXISTS `ap_device_online_t` (
  `imsi` varchar(15) NOT NULL,
  `waterTemp` varchar(10) DEFAULT NULL COMMENT 'Âçï‰ΩçÔºö¬∞C',
  `dissolvedOxygen` varchar(10) DEFAULT NULL COMMENT 'Âçï‰ΩçÔºömg/l',
  `phValue` varchar(10) DEFAULT NULL,
  `electrical` varchar(10) DEFAULT NULL,
  `anDan` varchar(10) DEFAULT NULL,
  `timestamp` datetime NOT NULL,
  `workingVoltage` varchar(10) DEFAULT NULL COMMENT 'Âçï‰ΩçÔºöVÔºà‰ºèÔºâ',
  `operatingTemp` varchar(10) DEFAULT NULL COMMENT 'Âçï‰ΩçÔºö¬∞C',
  `chargingVoltage` varchar(10) DEFAULT NULL COMMENT 'Âçï‰ΩçÔºöVÔºà‰ºèÔºâ'
) ENGINE=InnoDB DEFAULT CHARSET=utf8;

--
-- ËΩ¨Â≠òË°®‰∏≠ÁöÑÊï∞ÊçÆ `ap_device_online_t`
--

INSERT INTO `ap_device_online_t` (`imsi`, `waterTemp`, `dissolvedOxygen`, `phValue`, `electrical`, `anDan`, `timestamp`, `workingVoltage`, `operatingTemp`, `chargingVoltage`) VALUES
('15298444394', '1', '1', '2', '4', '6', '2015-12-25 08:09:00', '1', '1', '1'),
('15298444394', '2', '2', '3', '5', '7', '2015-12-25 09:00:09', '2', '2', '2'),
('15298444394', '23', '0.2', '6', '12', '0.12', '2016-01-09 08:57:42', NULL, NULL, NULL),
('15298444394', '24', '0.3', '6.1', '13', '0.12', '2016-01-09 09:04:35', NULL, NULL, NULL),
('02015056141', '16.76', '3.69', '7.32', '18', '0.00', '2016-01-15 10:43:44', NULL, NULL, NULL),
('02015056141', '16.79', '3.69', '7.32', '18', '0.00', '2016-01-15 10:49:29', NULL, NULL, NULL),
('02015056141', '16.81', '3.70', '7.33', '18', '0.00', '2016-01-15 10:54:30', NULL, NULL, NULL),
('02015056141', '16.82', '3.68', '7.33', '18', '0.00', '2016-01-15 10:59:30', NULL, NULL, NULL),
('02015056141', '16.79', '3.67', '7.33', '18', '0.00', '2016-01-15 11:09:29', NULL, NULL, NULL),
('02015056141', '16.82', '3.67', '7.33', '18', '0.00', '2016-01-15 11:14:29', NULL, NULL, NULL),
('02015056141', '16.76', '3.66', '7.32', '18', '0.00', '2016-01-15 11:29:30', NULL, NULL, NULL),
('02015056141', '16.78', '3.65', '7.32', '18', '0.00', '2016-01-15 11:34:29', NULL, NULL, NULL),
('02015056141', '16.79', '3.63', '7.32', '18', '0.00', '2016-01-15 11:39:29', NULL, NULL, NULL),
('02015056141', '16.81', '3.64', '7.32', '18', '0.00', '2016-01-15 11:44:30', NULL, NULL, NULL),
('02015056141', '16.83', '3.63', '7.33', '18', '0.00', '2016-01-15 11:49:29', NULL, NULL, NULL),
('02015056141', '16.79', '3.60', '7.32', '18', '0.00', '2016-01-15 11:54:29', NULL, NULL, NULL),
('02015056141', '16.82', '3.60', '7.32', '18', '0.00', '2016-01-15 11:59:28', NULL, NULL, NULL),
('02015056141', '16.81', '3.59', '7.33', '18', '0.00', '2016-01-15 12:04:29', NULL, NULL, NULL),
('02015056141', '16.82', '3.62', '7.32', '18', '0.00', '2016-01-15 12:09:29', NULL, NULL, NULL),
('02015056141', '16.81', '3.62', '7.32', '18', '0.00', '2016-01-15 12:14:29', NULL, NULL, NULL),
('02015056141', '16.83', '3.65', '7.32', '18', '0.00', '2016-01-15 12:19:29', NULL, NULL, NULL),
('02015056141', '16.82', '3.65', '7.33', '18', '0.00', '2016-01-15 12:24:29', NULL, NULL, NULL),
('02015056141', '16.81', '3.62', '7.32', '18', '0.00', '2016-01-15 12:29:30', NULL, NULL, NULL),
('02015056141', '16.81', '3.62', '7.33', '18', '0.00', '2016-01-15 12:34:29', NULL, NULL, NULL),
('02015056141', '16.81', '3.66', '7.33', '18', '0.00', '2016-01-15 12:39:29', NULL, NULL, NULL),
('02015056131', '13.69', '10.07', '5.33', '18', '0.00', '2016-01-15 13:43:11', NULL, NULL, NULL),
('02014056028', '16.64', '7.30', '0.00', '0', '0.00', '2016-01-15 13:48:11', NULL, NULL, NULL),
('02015056131', '13.78', '10.07', '6.13', '18', '0.00', '2016-01-15 13:54:23', NULL, NULL, NULL),
('02015056131', '13.86', '10.04', '6.08', '18', '0.00', '2016-01-15 14:10:20', NULL, NULL, NULL),
('02014056028', '16.58', '7.56', '0.00', '0', '0.00', '2016-01-15 14:10:20', NULL, NULL, NULL),
('02015056131', '13.82', '10.04', '6.09', '18', '0.00', '2016-01-15 14:13:01', NULL, NULL, NULL),
('02015056131', '13.89', '10.04', '6.09', '18', '0.00', '2016-01-15 14:15:19', NULL, NULL, NULL),
('02014056028', '16.60', '7.59', '0.00', '0', '0.00', '2016-01-15 14:15:20', NULL, NULL, NULL),
('02015056131', '14.04', '9.99', '6.09', '18', '0.00', '2016-01-15 14:20:20', NULL, NULL, NULL),
('02014056028', '16.62', '7.58', '1.73', '0', '0.00', '2016-01-15 14:20:20', NULL, NULL, NULL),
('02015056141', '16.75', '4.25', '7.34', '18', '0.00', '2016-01-15 14:20:20', NULL, NULL, NULL),
('02015056131', '13.99', '10.01', '6.09', '18', '0.00', '2016-01-15 14:25:19', NULL, NULL, NULL),
('02014056028', '16.65', '7.53', '1.73', '0', '0.00', '2016-01-15 14:25:20', NULL, NULL, NULL),
('02015056141', '16.78', '4.37', '7.35', '18', '0.00', '2016-01-15 14:25:20', NULL, NULL, NULL),
('02015056131', '14.03', '10.00', '6.11', '18', '0.00', '2016-01-15 14:30:19', NULL, NULL, NULL),
('02014056028', '16.66', '7.58', '1.73', '0', '0.00', '2016-01-15 14:30:20', NULL, NULL, NULL),
('02015056141', '16.79', '4.31', '7.36', '18', '0.00', '2016-01-15 14:30:20', NULL, NULL, NULL),
('02015056141', '16.81', '4.37', '7.35', '18', '0.00', '2016-01-15 14:35:19', NULL, NULL, NULL),
('02014056028', '16.66', '7.56', '1.73', '0', '0.00', '2016-01-15 14:35:19', NULL, NULL, NULL),
('02015056131', '13.82', '10.02', '6.11', '18', '0.00', '2016-01-15 14:35:20', NULL, NULL, NULL),
('02015056141', '16.82', '4.25', '7.36', '18', '0.00', '2016-01-15 14:41:21', NULL, NULL, NULL),
('02015056131', '13.73', '10.05', '6.14', '18', '0.00', '2016-01-15 14:41:37', NULL, NULL, NULL),
('02014056028', '16.66', '7.55', '1.73', '0', '0.00', '2016-01-15 14:41:38', NULL, NULL, NULL),
('02015056131', '14.09', '9.96', '6.14', '18', '0.00', '2016-01-15 14:46:37', NULL, NULL, NULL),
('02014056028', '16.68', '7.58', '1.73', '0', '0.00', '2016-01-15 14:46:38', NULL, NULL, NULL),
('02015056141', '16.81', '4.33', '7.35', '18', '0.00', '2016-01-15 14:46:39', NULL, NULL, NULL),
('02015056141', '16.82', '4.30', '7.36', '18', '0.00', '2016-01-15 14:48:44', NULL, NULL, NULL),
('02015056141', '16.83', '4.29', '7.35', '18', '0.00', '2016-01-15 14:49:45', NULL, NULL, NULL),
('02015056141', '16.84', '4.30', '7.35', '18', '0.00', '2016-01-15 14:50:45', NULL, NULL, NULL),
('02015056131', '14.18', '9.92', '6.15', '18', '0.00', '2016-01-15 14:51:37', NULL, NULL, NULL),
('02014056028', '16.67', '7.62', '1.73', '0', '0.00', '2016-01-15 14:51:37', NULL, NULL, NULL),
('02015056141', '16.83', '4.31', '7.35', '18', '0.00', '2016-01-15 14:51:39', NULL, NULL, NULL),
('02015056141', '16.81', '4.27', '7.35', '18', '0.00', '2016-01-15 14:55:52', NULL, NULL, NULL),
('02015056131', '14.41', '9.87', '6.16', '18', '0.00', '2016-01-15 14:56:37', NULL, NULL, NULL),
('02014056028', '16.67', '7.60', '1.73', '0', '0.00', '2016-01-15 14:56:37', NULL, NULL, NULL),
('02015056084', '14.77', '9.78', '0.00', '18', '0.00', '2016-01-15 14:56:38', NULL, NULL, NULL),
('02015056141', '16.81', '4.22', '7.36', '18', '0.00', '2016-01-15 14:57:44', NULL, NULL, NULL),
('02015056141', '16.81', '4.21', '7.36', '18', '0.00', '2016-01-15 14:58:44', NULL, NULL, NULL),
('02015056141', '16.81', '4.19', '7.35', '18', '0.00', '2016-01-15 15:01:38', NULL, NULL, NULL),
('02015056084', '14.82', '9.77', '0.00', '18', '0.00', '2016-01-15 15:01:38', NULL, NULL, NULL),
('02015056131', '14.17', '9.90', '6.17', '18', '0.00', '2016-01-15 15:01:38', NULL, NULL, NULL),
('02014056028', '16.67', '7.63', '1.73', '0', '0.00', '2016-01-15 15:01:38', NULL, NULL, NULL),
('02015056141', '16.81', '4.16', '7.35', '18', '0.00', '2016-01-15 15:06:38', NULL, NULL, NULL),
('02015056141', '16.81', '4.18', '7.35', '18', '0.00', '2016-01-15 15:11:38', NULL, NULL, NULL),
('02015056141', '16.83', '4.23', '7.35', '18', '0.00', '2016-01-15 15:16:38', NULL, NULL, NULL),
('02015056141', '16.82', '4.21', '7.36', '18', '0.00', '2016-01-15 15:21:38', NULL, NULL, NULL),
('02015056141', '16.81', '4.18', '7.35', '18', '0.00', '2016-01-15 15:26:38', NULL, NULL, NULL),
('02015056131', '15.05', '10.05', '6.23', '18', '0.00', '2016-01-15 15:31:38', NULL, NULL, NULL),
('02014056028', '16.57', '7.70', '0.00', '0', '0.00', '2016-01-15 15:31:38', NULL, NULL, NULL),
('02015056141', '16.82', '4.17', '7.36', '18', '0.00', '2016-01-15 15:31:38', NULL, NULL, NULL),
('02015056131', '14.94', '2.77', '6.03', '18', '0.00', '2016-01-15 15:36:38', NULL, NULL, NULL),
('02015056141', '16.83', '4.15', '7.36', '18', '0.00', '2016-01-15 15:36:38', NULL, NULL, NULL),
('02014056028', '16.62', '7.72', '0.00', '0', '0.00', '2016-01-15 15:36:38', NULL, NULL, NULL),
('15298444395', '10.89', '11.34', '0.00', '0', '0.00', '2016-01-15 15:37:10', NULL, NULL, NULL),
('15298444395', '10.89', '11.34', '0.00', '0', '0.00', '2016-01-15 15:38:17', NULL, NULL, NULL),
('02015056131', '15.18', '3.04', '6.28', '18', '0.00', '2016-01-15 15:41:38', NULL, NULL, NULL),
('02014056028', '16.64', '7.71', '0.00', '0', '0.00', '2016-01-15 15:41:38', NULL, NULL, NULL),
('02015056141', '16.82', '4.19', '7.36', '18', '0.00', '2016-01-15 15:41:39', NULL, NULL, NULL),
('02015056141', '16.84', '4.17', '7.36', '18', '0.00', '2016-01-15 15:45:52', NULL, NULL, NULL),
('02015056141', '16.84', '4.17', '7.36', '18', '0.00', '2016-01-15 15:45:53', NULL, NULL, NULL),
('02015056141', '16.84', '4.17', '7.38', '18', '0.00', '2016-01-15 15:45:55', NULL, NULL, NULL),
('02015056141', '16.84', '4.17', '7.36', '18', '0.00', '2016-01-15 15:46:19', NULL, NULL, NULL),
('02015056141', '16.84', '4.17', '7.36', '18', '0.00', '2016-01-15 15:46:20', NULL, NULL, NULL),
('02015056131', '15.46', '7.04', '0.00', '18', '0.00', '2016-01-15 15:50:17', NULL, NULL, NULL),
('02015056141', '16.82', '4.20', '7.36', '18', '0.00', '2016-01-15 15:50:18', NULL, NULL, NULL),
('02014056028', '16.66', '7.68', '0.00', '0', '0.00', '2016-01-15 15:50:18', NULL, NULL, NULL),
('02015056131', '14.62', '9.59', '0.00', '18', '0.00', '2016-01-15 15:55:17', NULL, NULL, NULL),
('02015056141', '16.82', '4.19', '7.36', '18', '0.00', '2016-01-15 15:55:17', NULL, NULL, NULL),
('02015056141', '16.82', '4.18', '7.36', '18', '0.00', '2016-01-15 15:56:24', NULL, NULL, NULL),
('02015056141', '16.82', '4.18', '7.36', '18', '0.00', '2016-01-15 15:56:26', NULL, NULL, NULL),
('02015056141', '16.82', '4.18', '7.36', '18', '0.00', '2016-01-15 15:56:36', NULL, NULL, NULL),
('02015056141', '16.82', '4.18', '7.36', '18', '0.00', '2016-01-15 15:56:38', NULL, NULL, NULL),
('02015056141', '16.83', '4.19', '7.36', '18', '0.00', '2016-01-15 16:00:17', NULL, NULL, NULL),
('02015056131', '14.07', '9.96', '0.00', '18', '0.00', '2016-01-15 16:00:17', NULL, NULL, NULL),
('02014056028', '16.67', '7.64', '0.00', '0', '0.00', '2016-01-15 16:00:18', NULL, NULL, NULL),
('02014056028', '16.67', '7.64', '0.00', '0', '0.00', '2016-01-15 16:05:17', NULL, NULL, NULL),
('02015056141', '16.81', '4.19', '7.36', '18', '0.00', '2016-01-15 16:05:17', NULL, NULL, NULL),
('02015056131', '15.54', '9.85', '0.00', '18', '0.00', '2016-01-15 16:05:18', NULL, NULL, NULL),
('02015056141', '16.84', '4.17', '7.36', '18', '0.00', '2016-01-15 16:10:18', NULL, NULL, NULL),
('02015056131', '16.11', '8.54', '0.00', '18', '0.00', '2016-01-15 16:10:18', NULL, NULL, NULL),
('02014056028', '16.67', '7.65', '0.00', '0', '0.00', '2016-01-15 16:10:18', NULL, NULL, NULL),
('02015056141', '16.82', '4.17', '7.36', '18', '0.00', '2016-01-15 16:15:18', NULL, NULL, NULL),
('02015056084', '14.09', '9.99', '0.00', '18', '0.00', '2016-01-15 16:15:18', NULL, NULL, NULL),
('02015056131', '16.19', '8.31', '0.00', '18', '0.00', '2016-01-15 16:15:18', NULL, NULL, NULL),
('02014051811', '16.20', '8.38', '0.00', '0', '0.00', '2016-01-15 16:15:19', NULL, NULL, NULL),
('02014056028', '16.66', '7.75', '0.00', '0', '0.00', '2016-01-15 16:15:19', NULL, NULL, NULL),
('02015056141', '16.81', '4.25', '7.36', '18', '0.00', '2016-01-15 16:20:18', NULL, NULL, NULL),
('02015056131', '16.23', '8.43', '0.00', '18', '0.00', '2016-01-15 16:20:18', NULL, NULL, NULL),
('02015056084', '14.14', '9.98', '0.00', '18', '0.00', '2016-01-15 16:20:19', NULL, NULL, NULL),
('02014056028', '16.67', '7.74', '0.00', '0', '0.00', '2016-01-15 16:20:19', NULL, NULL, NULL),
('02015056084', '14.21', '9.96', '0.00', '18', '0.00', '2016-01-15 16:25:17', NULL, NULL, NULL),
('02015056131', '16.25', '8.45', '0.00', '18', '0.00', '2016-01-15 16:25:18', NULL, NULL, NULL),
('02015056141', '16.82', '4.21', '7.36', '18', '0.00', '2016-01-15 16:25:18', NULL, NULL, NULL),
('02014051811', '16.27', '8.40', '0.00', '0', '0.00', '2016-01-15 16:25:18', NULL, NULL, NULL),
('02014056028', '16.67', '7.76', '0.00', '0', '0.00', '2016-01-15 16:25:18', NULL, NULL, NULL),
('02015056141', '16.81', '4.18', '7.36', '18', '0.00', '2016-01-15 16:28:06', NULL, NULL, NULL),
('02015056141', '16.81', '4.18', '7.36', '18', '0.00', '2016-01-15 16:28:08', NULL, NULL, NULL),
('02015056141', '16.81', '4.18', '7.36', '18', '0.00', '2016-01-15 16:28:14', NULL, NULL, NULL),
('02015056141', '16.81', '4.18', '7.36', '18', '0.00', '2016-01-15 16:28:17', NULL, NULL, NULL),
('02015056131', '16.26', '8.44', '0.00', '18', '0.00', '2016-01-15 16:31:32', NULL, NULL, NULL),
('02015056141', '16.81', '4.16', '7.36', '18', '0.00', '2016-01-15 16:31:32', NULL, NULL, NULL),
('02014051811', '16.28', '8.39', '0.00', '0', '0.00', '2016-01-15 16:31:32', NULL, NULL, NULL),
('02014056028', '16.66', '7.77', '0.00', '0', '0.00', '2016-01-15 16:31:33', NULL, NULL, NULL),
('02015056141', '16.81', '4.12', '7.36', '18', '0.00', '2016-01-15 16:34:30', NULL, NULL, NULL),
('02015056141', '16.81', '4.12', '7.36', '18', '0.00', '2016-01-15 16:34:33', NULL, NULL, NULL),
('02015056141', '16.81', '4.12', '7.36', '18', '0.00', '2016-01-15 16:34:39', NULL, NULL, NULL),
('02015056141', '16.81', '4.12', '7.36', '18', '0.00', '2016-01-15 16:34:41', NULL, NULL, NULL),
('02015056131', '16.26', '8.45', '0.00', '18', '0.00', '2016-01-15 16:36:32', NULL, NULL, NULL),
('02014051811', '16.31', '8.36', '0.00', '0', '0.00', '2016-01-15 16:36:32', NULL, NULL, NULL),
('02015056141', '16.81', '4.09', '7.36', '18', '0.00', '2016-01-15 16:36:32', NULL, NULL, NULL),
('02014056028', '16.66', '7.74', '0.00', '0', '0.00', '2016-01-15 16:36:33', NULL, NULL, NULL),
('02015056084', '14.31', '9.93', '5.59', '0', '0.00', '2016-01-15 16:36:33', NULL, NULL, NULL),
('02015056131', '16.26', '8.51', '0.00', '18', '0.00', '2016-01-15 16:41:32', NULL, NULL, NULL),
('02015056141', '16.79', '4.19', '7.36', '18', '0.00', '2016-01-15 16:41:32', NULL, NULL, NULL),
('02014056028', '16.66', '7.68', '0.00', '0', '0.00', '2016-01-15 16:41:33', NULL, NULL, NULL),
('02014051811', '16.29', '8.39', '0.00', '0', '0.00', '2016-01-15 16:41:33', NULL, NULL, NULL),
('02015056084', '14.37', '9.92', '5.22', '0', '0.00', '2016-01-15 16:41:33', NULL, NULL, NULL),
('02015056131', '16.26', '8.60', '0.00', '18', '0.00', '2016-01-15 16:46:33', NULL, NULL, NULL),
('02014051811', '16.32', '8.39', '0.00', '0', '0.00', '2016-01-15 16:46:33', NULL, NULL, NULL),
('02014056028', '16.66', '7.71', '0.00', '0', '0.00', '2016-01-15 16:46:33', NULL, NULL, NULL),
('02015056141', '16.82', '4.22', '7.36', '18', '0.00', '2016-01-15 16:46:33', NULL, NULL, NULL),
('02015056141', '16.79', '4.20', '7.36', '18', '0.00', '2016-01-15 16:51:31', NULL, NULL, NULL),
('02015056121', '16.85', '5.63', '0.00', '0', '0.00', '2016-01-15 16:51:31', NULL, NULL, NULL),
('02014051674', '16.81', '3.99', '0.00', '0', '0.00', '2016-01-15 16:51:31', NULL, NULL, NULL),
('02014051757', '16.79', '4.39', '0.00', '0', '0.00', '2016-01-15 16:51:32', NULL, NULL, NULL),
('02015056131', '16.27', '8.59', '0.00', '18', '0.00', '2016-01-15 16:51:32', NULL, NULL, NULL),
('02014056028', '16.65', '7.73', '0.00', '0', '0.00', '2016-01-15 16:51:32', NULL, NULL, NULL),
('02014051811', '16.31', '8.38', '0.00', '0', '0.00', '2016-01-15 16:51:33', NULL, NULL, NULL),
('02015056131', '16.27', '8.55', '0.00', '18', '0.00', '2016-01-15 16:56:31', NULL, NULL, NULL),
('02014051674', '16.79', '3.96', '0.00', '0', '0.00', '2016-01-15 16:56:32', NULL, NULL, NULL),
('02014051811', '16.31', '8.37', '0.00', '0', '0.00', '2016-01-15 16:56:32', NULL, NULL, NULL),
('02014051757', '16.79', '4.33', '0.00', '0', '0.00', '2016-01-15 16:56:32', NULL, NULL, NULL),
('02014056028', '16.66', '7.70', '0.00', '0', '0.00', '2016-01-15 16:56:32', NULL, NULL, NULL),
('02015056121', '16.85', '4.29', '0.00', '0', '0.00', '2016-01-15 16:56:32', NULL, NULL, NULL),
('02015056141', '16.79', '4.18', '7.36', '18', '0.00', '2016-01-15 16:56:33', NULL, NULL, NULL),
('02014051811', '16.31', '8.37', '0.00', '0', '0.00', '2016-01-15 16:56:47', NULL, NULL, NULL),
('02014051811', '16.31', '8.37', '0.00', '0', '0.00', '2016-01-15 16:56:48', NULL, NULL, NULL),
('02014051811', '16.31', '8.37', '0.00', '0', '0.00', '2016-01-15 16:56:50', NULL, NULL, NULL),
('02014051811', '16.31', '8.37', '0.00', '0', '0.00', '2016-01-15 16:56:59', NULL, NULL, NULL),
('02014051811', '16.31', '8.37', '0.00', '0', '0.00', '2016-01-15 16:57:01', NULL, NULL, NULL),
('02015056084', '14.36', '9.90', '5.21', '0', '0.00', '2016-01-15 16:59:48', NULL, NULL, NULL),
('02015056084', '14.36', '9.90', '5.21', '0', '0.00', '2016-01-15 16:59:50', NULL, NULL, NULL),
('02015056084', '14.36', '9.90', '5.22', '0', '0.00', '2016-01-15 16:59:52', NULL, NULL, NULL),
('02015056084', '14.36', '9.90', '5.26', '0', '0.00', '2016-01-15 17:00:02', NULL, NULL, NULL),
('02015056084', '14.36', '9.90', '5.25', '0', '0.00', '2016-01-15 17:00:04', NULL, NULL, NULL),
('02015056131', '16.28', '8.46', '0.00', '18', '0.00', '2016-01-15 17:01:32', NULL, NULL, NULL),
('02014051674', '16.82', '3.96', '0.00', '0', '0.00', '2016-01-15 17:01:32', NULL, NULL, NULL),
('02015056141', '16.79', '4.16', '7.36', '18', '0.00', '2016-01-15 17:01:32', NULL, NULL, NULL),
('02014056028', '16.65', '7.70', '0.00', '0', '0.00', '2016-01-15 17:01:32', NULL, NULL, NULL),
('02015056084', '14.36', '9.90', '6.20', '0', '0.00', '2016-01-15 17:01:32', NULL, NULL, NULL),
('02015056121', '16.83', '4.29', '0.00', '0', '0.00', '2016-01-15 17:01:33', NULL, NULL, NULL),
('02014051757', '16.79', '4.31', '0.00', '0', '0.00', '2016-01-15 17:01:34', NULL, NULL, NULL),
('02014051811', '16.31', '8.34', '0.00', '0', '0.00', '2016-01-15 17:01:34', NULL, NULL, NULL),
('02014051674', '16.81', '4.00', '0.00', '0', '0.00', '2016-01-15 17:06:32', NULL, NULL, NULL),
('02015056141', '16.79', '4.17', '7.35', '18', '0.00', '2016-01-15 17:06:32', NULL, NULL, NULL),
('02015056131', '16.28', '8.46', '0.00', '18', '0.00', '2016-01-15 17:06:32', NULL, NULL, NULL),
('02014051757', '16.79', '4.29', '0.00', '0', '0.00', '2016-01-15 17:06:32', NULL, NULL, NULL),
('02015056084', '14.41', '9.90', '7.90', '0', '0.00', '2016-01-15 17:06:33', NULL, NULL, NULL),
('02015056121', '16.82', '4.32', '0.00', '0', '0.00', '2016-01-15 17:06:34', NULL, NULL, NULL),
('02014056028', '16.66', '7.77', '0.00', '0', '0.00', '2016-01-15 17:06:35', NULL, NULL, NULL),
('02014051811', '16.29', '8.35', '0.00', '0', '0.00', '2016-01-15 17:06:35', NULL, NULL, NULL),
('02014051811', '16.29', '8.36', '0.00', '0', '0.00', '2016-01-15 17:11:32', NULL, NULL, NULL),
('02014056028', '16.62', '7.77', '0.00', '0', '0.00', '2016-01-15 17:11:32', NULL, NULL, NULL),
('02015056141', '16.83', '4.16', '7.36', '18', '0.00', '2016-01-15 17:11:32', NULL, NULL, NULL),
('02014051674', '16.79', '3.99', '0.00', '0', '0.00', '2016-01-15 17:11:32', NULL, NULL, NULL),
('02014051757', '16.78', '4.30', '0.00', '0', '0.00', '2016-01-15 17:11:32', NULL, NULL, NULL),
('02015056121', '16.83', '4.31', '0.00', '0', '0.00', '2016-01-15 17:11:32', NULL, NULL, NULL),
('02015056131', '16.28', '8.42', '0.00', '18', '0.00', '2016-01-15 17:11:33', NULL, NULL, NULL),
('02014056028', '16.62', '7.77', '0.00', '0', '0.00', '2016-01-15 17:11:33', NULL, NULL, NULL),
('02015056131', '16.28', '8.41', '0.00', '18', '0.00', '2016-01-15 17:12:08', NULL, NULL, NULL),
('02015056131', '16.28', '8.41', '0.00', '18', '0.00', '2016-01-15 17:12:09', NULL, NULL, NULL),
('02015056131', '16.28', '8.41', '0.00', '18', '0.00', '2016-01-15 17:12:11', NULL, NULL, NULL),
('02015056131', '16.28', '8.40', '0.00', '18', '0.00', '2016-01-15 17:12:24', NULL, NULL, NULL),
('02015056131', '16.28', '8.40', '0.00', '18', '0.00', '2016-01-15 17:12:26', NULL, NULL, NULL),
('02015056131', '16.28', '8.42', '0.00', '18', '0.00', '2016-01-15 17:16:32', NULL, NULL, NULL),
('02014051811', '16.29', '8.34', '0.00', '0', '0.00', '2016-01-15 17:16:32', NULL, NULL, NULL),
('02014051674', '16.79', '3.97', '0.00', '0', '0.00', '2016-01-15 17:16:32', NULL, NULL, NULL),
('02015056141', '16.81', '4.12', '7.36', '18', '0.00', '2016-01-15 17:16:32', NULL, NULL, NULL),
('02014056028', '16.61', '7.81', '0.00', '0', '0.00', '2016-01-15 17:16:32', NULL, NULL, NULL),
('02014051757', '16.79', '4.28', '0.00', '0', '0.00', '2016-01-15 17:16:32', NULL, NULL, NULL),
('02015056121', '16.85', '4.42', '0.00', '0', '0.00', '2016-01-15 17:16:33', NULL, NULL, NULL),
('02014051757', '16.79', '4.22', '0.00', '0', '0.00', '2016-01-15 17:21:32', NULL, NULL, NULL),
('02014056028', '16.62', '7.74', '0.00', '0', '0.00', '2016-01-15 17:21:32', NULL, NULL, NULL),
('02015056141', '16.81', '4.10', '7.36', '18', '0.00', '2016-01-15 17:21:32', NULL, NULL, NULL),
('02014051811', '16.31', '8.33', '0.00', '0', '0.00', '2016-01-15 17:21:32', NULL, NULL, NULL),
('02015056131', '16.26', '8.42', '0.00', '18', '0.00', '2016-01-15 17:21:32', NULL, NULL, NULL),
('02015056121', '16.87', '4.47', '0.00', '0', '0.00', '2016-01-15 17:21:32', NULL, NULL, NULL),
('02014051674', '16.79', '3.95', '0.00', '0', '0.00', '2016-01-15 17:21:33', NULL, NULL, NULL),
('02015056131', '16.27', '8.49', '0.00', '18', '0.00', '2016-01-15 17:26:32', NULL, NULL, NULL),
('02014051811', '16.32', '8.30', '0.00', '0', '0.00', '2016-01-15 17:26:32', NULL, NULL, NULL),
('02014051674', '16.79', '3.93', '0.00', '0', '0.00', '2016-01-15 17:26:32', NULL, NULL, NULL),
('02015056141', '16.82', '4.10', '7.36', '18', '0.00', '2016-01-15 17:26:32', NULL, NULL, NULL),
('02015056121', '16.85', '4.49', '0.00', '0', '0.00', '2016-01-15 17:26:33', NULL, NULL, NULL),
('02014051757', '16.77', '4.23', '0.00', '0', '0.00', '2016-01-15 17:26:33', NULL, NULL, NULL),
('02014056028', '16.62', '7.71', '0.00', '0', '0.00', '2016-01-15 17:26:33', NULL, NULL, NULL),
('02014051811', '16.32', '8.30', '0.00', '0', '0.00', '2016-01-15 17:31:32', NULL, NULL, NULL),
('02015056131', '16.26', '8.49', '0.00', '18', '0.00', '2016-01-15 17:31:32', NULL, NULL, NULL),
('02014056028', '16.64', '7.69', '0.00', '0', '0.00', '2016-01-15 17:31:32', NULL, NULL, NULL),
('02014051757', '16.77', '4.23', '0.00', '0', '0.00', '2016-01-15 17:31:32', NULL, NULL, NULL),
('02015056141', '16.79', '4.08', '7.36', '18', '0.00', '2016-01-15 17:31:32', NULL, NULL, NULL),
('02014051674', '16.78', '4.01', '0.00', '0', '0.00', '2016-01-15 17:31:33', NULL, NULL, NULL),
('02015056121', '16.85', '4.49', '0.00', '0', '0.00', '2016-01-15 17:31:33', NULL, NULL, NULL),
('02014051811', '16.32', '8.28', '0.00', '0', '0.00', '2016-01-15 17:36:33', NULL, NULL, NULL),
('02014056028', '16.64', '7.69', '0.00', '0', '0.00', '2016-01-15 17:36:33', NULL, NULL, NULL),
('02015056141', '16.79', '4.07', '7.35', '18', '0.00', '2016-01-15 17:36:33', NULL, NULL, NULL),
('02014051674', '16.79', '4.00', '0.00', '0', '0.00', '2016-01-15 17:36:33', NULL, NULL, NULL),
('02014051757', '16.77', '4.23', '0.00', '0', '0.00', '2016-01-15 17:36:33', NULL, NULL, NULL),
('02015056121', '16.83', '4.42', '0.00', '0', '0.00', '2016-01-15 17:36:33', NULL, NULL, NULL),
('02015056131', '16.26', '8.45', '0.00', '18', '0.00', '2016-01-15 17:36:33', NULL, NULL, NULL),
('02014051674', '16.79', '4.03', '0.00', '0', '0.00', '2016-01-15 17:41:31', NULL, NULL, NULL),
('02014056028', '16.64', '7.68', '0.00', '0', '0.00', '2016-01-15 17:41:32', NULL, NULL, NULL),
('02014051811', '16.31', '8.30', '0.00', '0', '0.00', '2016-01-15 17:41:32', NULL, NULL, NULL),
('02014051757', '16.77', '4.20', '0.00', '0', '0.00', '2016-01-15 17:41:32', NULL, NULL, NULL),
('02015056141', '16.81', '4.05', '7.35', '18', '0.00', '2016-01-15 17:41:33', NULL, NULL, NULL),
('02015056121', '16.83', '4.38', '0.00', '0', '0.00', '2016-01-15 17:41:33', NULL, NULL, NULL),
('02015056131', '16.25', '8.47', '0.00', '18', '0.00', '2016-01-15 17:41:33', NULL, NULL, NULL),
('02015056141', '16.79', '4.05', '7.35', '18', '0.00', '2016-01-15 17:46:32', NULL, NULL, NULL),
('02014051674', '16.79', '3.99', '0.00', '0', '0.00', '2016-01-15 17:46:32', NULL, NULL, NULL),
('02014051811', '16.31', '8.26', '0.00', '0', '0.00', '2016-01-15 17:46:32', NULL, NULL, NULL),
('02014056028', '16.64', '7.66', '0.00', '0', '0.00', '2016-01-15 17:46:32', NULL, NULL, NULL),
('02015056121', '16.82', '4.38', '0.00', '0', '0.00', '2016-01-15 17:46:33', NULL, NULL, NULL),
('02015056131', '16.25', '8.44', '0.00', '18', '0.00', '2016-01-15 17:46:33', NULL, NULL, NULL),
('02014051757', '16.76', '4.22', '0.00', '0', '0.00', '2016-01-15 17:46:33', NULL, NULL, NULL),
('02015056141', '16.79', '4.15', '7.35', '18', '0.00', '2016-01-15 17:51:32', NULL, NULL, NULL),
('02015056121', '16.83', '4.31', '0.00', '0', '0.00', '2016-01-15 17:51:32', NULL, NULL, NULL),
('02014051674', '16.79', '3.92', '0.00', '0', '0.00', '2016-01-15 17:51:32', NULL, NULL, NULL),
('02014056028', '16.64', '7.67', '0.00', '0', '0.00', '2016-01-15 17:51:32', NULL, NULL, NULL),
('02015056131', '16.25', '8.48', '0.00', '18', '0.00', '2016-01-15 17:51:32', NULL, NULL, NULL),
('02014051757', '16.75', '4.33', '0.00', '0', '0.00', '2016-01-15 17:51:33', NULL, NULL, NULL),
('02014051811', '16.31', '8.27', '0.00', '0', '0.00', '2016-01-15 17:51:33', NULL, NULL, NULL),
('02015056121', '16.85', '4.27', '0.00', '0', '0.00', '2016-01-15 17:56:32', NULL, NULL, NULL),
('02015056141', '16.79', '4.15', '7.36', '18', '0.00', '2016-01-15 17:56:32', NULL, NULL, NULL),
('02014051674', '16.78', '3.90', '0.00', '0', '0.00', '2016-01-15 17:56:32', NULL, NULL, NULL),
('02014051757', '16.76', '4.32', '0.00', '0', '0.00', '2016-01-15 17:56:32', NULL, NULL, NULL),
('02015056131', '16.25', '8.40', '0.00', '18', '0.00', '2016-01-15 17:56:33', NULL, NULL, NULL),
('02014051811', '16.29', '8.24', '0.00', '0', '0.00', '2016-01-15 17:56:33', NULL, NULL, NULL),
('02014056028', '16.64', '7.66', '0.00', '0', '0.00', '2016-01-15 17:56:33', NULL, NULL, NULL),
('02015056121', '16.84', '4.25', '0.00', '0', '0.00', '2016-01-15 18:01:32', NULL, NULL, NULL),
('02015056141', '16.79', '4.18', '7.36', '18', '0.00', '2016-01-15 18:01:32', NULL, NULL, NULL),
('02014051674', '16.78', '3.87', '0.00', '0', '0.00', '2016-01-15 18:01:32', NULL, NULL, NULL),
('02015056131', '16.25', '8.38', '0.00', '18', '0.00', '2016-01-15 18:01:32', NULL, NULL, NULL),
('02014056028', '16.64', '7.63', '0.00', '0', '0.00', '2016-01-15 18:01:33', NULL, NULL, NULL),
('02014051757', '16.71', '4.32', '0.00', '0', '0.00', '2016-01-15 18:01:33', NULL, NULL, NULL),
('02014051811', '16.29', '8.24', '0.00', '0', '0.00', '2016-01-15 18:01:33', NULL, NULL, NULL),
('02015056131', '16.24', '8.37', '0.00', '18', '0.00', '2016-01-15 18:06:31', NULL, NULL, NULL),
('02015056141', '16.77', '4.25', '7.36', '18', '0.00', '2016-01-15 18:06:32', NULL, NULL, NULL),
('02014051674', '16.77', '3.86', '0.00', '0', '0.00', '2016-01-15 18:06:32', NULL, NULL, NULL),
('02014051811', '16.29', '8.20', '0.00', '0', '0.00', '2016-01-15 18:06:32', NULL, NULL, NULL),
('02014056028', '16.64', '7.62', '0.00', '0', '0.00', '2016-01-15 18:06:32', NULL, NULL, NULL),
('02014051757', '16.74', '4.35', '0.00', '0', '0.00', '2016-01-15 18:06:32', NULL, NULL, NULL),
('02015056121', '16.83', '4.15', '0.00', '0', '0.00', '2016-01-15 18:06:32', NULL, NULL, NULL),
('02014056028', '16.64', '7.60', '0.00', '0', '0.00', '2016-01-15 18:11:32', NULL, NULL, NULL),
('02015056131', '16.23', '8.36', '0.00', '18', '0.00', '2016-01-15 18:11:32', NULL, NULL, NULL),
('02014051811', '16.29', '8.18', '0.00', '0', '0.00', '2016-01-15 18:11:32', NULL, NULL, NULL),
('02014051757', '16.75', '4.34', '0.00', '0', '0.00', '2016-01-15 18:11:32', NULL, NULL, NULL),
('02014051674', '16.78', '3.77', '0.00', '0', '0.00', '2016-01-15 18:11:32', NULL, NULL, NULL),
('02015056121', '16.84', '4.21', '0.00', '0', '0.00', '2016-01-15 18:11:32', NULL, NULL, NULL),
('02015056141', '16.76', '4.23', '7.36', '18', '0.00', '2016-01-15 18:11:32', NULL, NULL, NULL),
('02015056131', '16.23', '8.28', '0.00', '18', '0.00', '2016-01-15 18:16:32', NULL, NULL, NULL),
('02014056028', '16.62', '7.60', '0.00', '0', '0.00', '2016-01-15 18:16:32', NULL, NULL, NULL),
('02014051757', '16.75', '4.34', '0.00', '0', '0.00', '2016-01-15 18:16:32', NULL, NULL, NULL),
('02015056141', '16.78', '4.19', '7.35', '18', '0.00', '2016-01-15 18:16:32', NULL, NULL, NULL),
('02014051811', '16.29', '8.14', '0.00', '0', '0.00', '2016-01-15 18:16:33', NULL, NULL, NULL),
('02014051674', '16.78', '3.80', '0.00', '0', '0.00', '2016-01-15 18:16:33', NULL, NULL, NULL),
('02015056121', '16.84', '4.20', '0.00', '0', '0.00', '2016-01-15 18:16:35', NULL, NULL, NULL),
('02015056131', '16.23', '8.35', '0.00', '18', '0.00', '2016-01-15 18:21:32', NULL, NULL, NULL),
('02014051811', '16.29', '8.14', '0.00', '0', '0.00', '2016-01-15 18:21:32', NULL, NULL, NULL),
('02015056141', '16.78', '4.12', '7.35', '18', '0.00', '2016-01-15 18:21:32', NULL, NULL, NULL),
('02014051757', '16.75', '4.28', '0.00', '0', '0.00', '2016-01-15 18:21:32', NULL, NULL, NULL),
('02014056028', '16.62', '7.59', '0.00', '0', '0.00', '2016-01-15 18:21:33', NULL, NULL, NULL),
('02015056121', '16.83', '4.19', '0.00', '0', '0.00', '2016-01-15 18:21:33', NULL, NULL, NULL),
('02014051674', '16.77', '3.86', '0.00', '0', '0.00', '2016-01-15 18:21:36', NULL, NULL, NULL),
('02014051674', '16.77', '3.84', '0.00', '0', '0.00', '2016-01-15 18:26:32', NULL, NULL, NULL),
('02015056141', '16.76', '4.11', '7.35', '18', '0.00', '2016-01-15 18:26:33', NULL, NULL, NULL),
('02015056131', '16.23', '8.28', '0.00', '18', '0.00', '2016-01-15 18:26:33', NULL, NULL, NULL),
('02014051811', '16.31', '8.14', '0.00', '0', '0.00', '2016-01-15 18:26:33', NULL, NULL, NULL),
('02014056028', '16.62', '7.59', '0.00', '0', '0.00', '2016-01-15 18:26:33', NULL, NULL, NULL),
('02014051757', '16.75', '4.22', '0.00', '0', '0.00', '2016-01-15 18:26:33', NULL, NULL, NULL),
('02015056121', '16.83', '4.18', '0.00', '0', '0.00', '2016-01-15 18:26:34', NULL, NULL, NULL),
('02014056028', '16.62', '7.61', '0.00', '0', '0.00', '2016-01-15 18:31:32', NULL, NULL, NULL),
('02014051757', '16.74', '4.12', '0.00', '0', '0.00', '2016-01-15 18:31:32', NULL, NULL, NULL),
('02015056141', '16.78', '3.98', '7.35', '18', '0.00', '2016-01-15 18:31:33', NULL, NULL, NULL),
('02014051674', '16.78', '3.82', '0.00', '0', '0.00', '2016-01-15 18:31:33', NULL, NULL, NULL),
('02015056121', '16.84', '4.12', '0.00', '0', '0.00', '2016-01-15 18:31:33', NULL, NULL, NULL),
('02015056131', '16.21', '8.17', '0.00', '18', '0.00', '2016-01-15 18:31:33', NULL, NULL, NULL),
('02014051811', '16.28', '8.12', '0.00', '0', '0.00', '2016-01-15 18:31:34', NULL, NULL, NULL),
('02014051674', '16.77', '3.83', '0.00', '0', '0.00', '2016-01-15 18:36:32', NULL, NULL, NULL),
('02015056131', '16.21', '8.18', '0.00', '18', '0.00', '2016-01-15 18:36:32', NULL, NULL, NULL),
('02014051757', '16.76', '4.09', '0.00', '0', '0.00', '2016-01-15 18:36:32', NULL, NULL, NULL),
('02014051811', '16.27', '8.12', '0.00', '0', '0.00', '2016-01-15 18:36:32', NULL, NULL, NULL),
('02014056028', '16.62', '7.59', '0.00', '0', '0.00', '2016-01-15 18:36:33', NULL, NULL, NULL),
('02015056141', '16.77', '3.94', '7.35', '18', '0.00', '2016-01-15 18:36:33', NULL, NULL, NULL),
('02015056121', '16.81', '4.12', '0.00', '0', '0.00', '2016-01-15 18:36:33', NULL, NULL, NULL),
('02015056121', '16.81', '4.10', '0.00', '0', '0.00', '2016-01-15 18:41:31', NULL, NULL, NULL),
('02014051674', '16.78', '3.81', '0.00', '0', '0.00', '2016-01-15 18:41:32', NULL, NULL, NULL),
('02015056131', '16.21', '8.16', '0.00', '18', '0.00', '2016-01-15 18:41:32', NULL, NULL, NULL),
('02014056028', '16.62', '7.61', '0.00', '0', '0.00', '2016-01-15 18:41:33', NULL, NULL, NULL),
('02014051811', '16.27', '8.06', '0.00', '0', '0.00', '2016-01-15 18:41:33', NULL, NULL, NULL),
('02014051757', '16.76', '4.07', '0.00', '0', '0.00', '2016-01-15 18:41:33', NULL, NULL, NULL),
('02015056141', '16.78', '3.92', '7.35', '18', '0.00', '2016-01-15 18:41:33', NULL, NULL, NULL),
('02015056141', '16.78', '3.89', '7.35', '18', '0.00', '2016-01-15 18:46:32', NULL, NULL, NULL),
('02014051674', '16.78', '3.75', '0.00', '0', '0.00', '2016-01-15 18:46:32', NULL, NULL, NULL),
('02015056121', '16.83', '4.02', '0.00', '0', '0.00', '2016-01-15 18:46:34', NULL, NULL, NULL),
('02014051757', '16.75', '4.04', '0.00', '0', '0.00', '2016-01-15 18:46:34', NULL, NULL, NULL),
('02015056131', '16.21', '8.09', '0.00', '18', '0.00', '2016-01-15 18:46:35', NULL, NULL, NULL),
('02014051811', '16.26', '8.05', '0.00', '0', '0.00', '2016-01-15 18:46:35', NULL, NULL, NULL),
('02014056028', '16.62', '7.60', '0.00', '0', '0.00', '2016-01-15 18:46:37', NULL, NULL, NULL),
('02015056141', '16.78', '3.84', '7.34', '18', '0.00', '2016-01-15 18:51:32', NULL, NULL, NULL),
('02015056121', '16.82', '3.99', '0.00', '0', '0.00', '2016-01-15 18:51:32', NULL, NULL, NULL),
('02014056028', '16.62', '7.58', '0.00', '0', '0.00', '2016-01-15 18:51:33', NULL, NULL, NULL),
('02015056131', '16.20', '8.00', '0.00', '18', '0.00', '2016-01-15 18:51:33', NULL, NULL, NULL),
('02014051757', '16.75', '4.00', '0.00', '0', '0.00', '2016-01-15 18:51:33', NULL, NULL, NULL),
('02014051674', '16.78', '3.74', '0.00', '0', '0.00', '2016-01-15 18:51:34', NULL, NULL, NULL),
('02014056028', '16.62', '7.52', '0.00', '0', '0.00', '2016-01-15 18:56:32', NULL, NULL, NULL),
('02014051757', '16.75', '3.97', '0.00', '0', '0.00', '2016-01-15 18:56:32', NULL, NULL, NULL),
('02014051674', '16.78', '3.67', '0.00', '0', '0.00', '2016-01-15 18:56:32', NULL, NULL, NULL),
('02015056131', '16.20', '8.01', '0.00', '18', '0.00', '2016-01-15 18:56:33', NULL, NULL, NULL),
('02015056121', '16.84', '3.97', '0.00', '0', '0.00', '2016-01-15 18:56:33', NULL, NULL, NULL),
('02014051811', '16.26', '7.97', '0.00', '0', '0.00', '2016-01-15 18:56:33', NULL, NULL, NULL),
('02014051674', '16.77', '3.66', '0.00', '0', '0.00', '2016-01-15 19:01:32', NULL, NULL, NULL),
('02015056141', '16.76', '3.80', '7.34', '18', '0.00', '2016-01-15 19:01:32', NULL, NULL, NULL),
('02015056131', '16.20', '8.01', '0.00', '18', '0.00', '2016-01-15 19:01:32', NULL, NULL, NULL),
('02014051757', '16.75', '3.92', '0.00', '0', '0.00', '2016-01-15 19:01:32', NULL, NULL, NULL),
('02014056028', '16.62', '7.54', '0.00', '0', '0.00', '2016-01-15 19:01:33', NULL, NULL, NULL),
('02015056121', '16.82', '3.97', '0.00', '0', '0.00', '2016-01-15 19:01:33', NULL, NULL, NULL),
('02014051811', '16.28', '7.93', '0.00', '0', '0.00', '2016-01-15 19:01:34', NULL, NULL, NULL),
('02014056028', '16.61', '7.56', '0.00', '0', '0.00', '2016-01-15 19:06:32', NULL, NULL, NULL),
('02015056131', '16.20', '7.99', '0.00', '18', '0.00', '2016-01-15 19:06:32', NULL, NULL, NULL),
('02014051811', '16.28', '7.96', '0.00', '0', '0.00', '2016-01-15 19:06:32', NULL, NULL, NULL),
('02014051757', '16.75', '3.85', '0.00', '0', '0.00', '2016-01-15 19:06:32', NULL, NULL, NULL),
('02015056141', '16.76', '3.75', '7.34', '18', '0.00', '2016-01-15 19:06:32', NULL, NULL, NULL),
('02014051674', '16.77', '3.64', '0.00', '0', '0.00', '2016-01-15 19:06:32', NULL, NULL, NULL),
('02015056121', '16.81', '3.95', '0.00', '0', '0.00', '2016-01-15 19:06:33', NULL, NULL, NULL),
('02014056028', '16.61', '7.54', '0.00', '0', '0.00', '2016-01-15 19:11:32', NULL, NULL, NULL),
('02015056131', '16.19', '7.94', '0.00', '18', '0.00', '2016-01-15 19:11:32', NULL, NULL, NULL),
('02015056141', '16.75', '3.72', '7.34', '18', '0.00', '2016-01-15 19:11:32', NULL, NULL, NULL),
('02014051757', '16.74', '3.81', '0.00', '0', '0.00', '2016-01-15 19:11:32', NULL, NULL, NULL),
('02014051811', '16.28', '7.98', '0.00', '0', '0.00', '2016-01-15 19:11:32', NULL, NULL, NULL),
('02015056121', '16.79', '3.92', '0.00', '0', '0.00', '2016-01-15 19:11:33', NULL, NULL, NULL),
('02014051674', '16.77', '3.66', '0.00', '0', '0.00', '2016-01-15 19:11:33', NULL, NULL, NULL),
('02015056141', '16.76', '3.69', '7.34', '18', '0.00', '2016-01-15 19:16:32', NULL, NULL, NULL),
('02014051674', '16.77', '3.65', '0.00', '0', '0.00', '2016-01-15 19:16:32', NULL, NULL, NULL),
('02015056131', '16.19', '7.95', '0.00', '18', '0.00', '2016-01-15 19:16:33', NULL, NULL, NULL),
('02014056028', '16.61', '7.54', '0.00', '0', '0.00', '2016-01-15 19:16:33', NULL, NULL, NULL),
('02014051757', '16.74', '3.81', '0.00', '0', '0.00', '2016-01-15 19:16:34', NULL, NULL, NULL),
('02014051811', '16.27', '7.92', '0.00', '0', '0.00', '2016-01-15 19:16:34', NULL, NULL, NULL),
('02015056121', '16.79', '3.91', '0.00', '0', '0.00', '2016-01-15 19:16:34', NULL, NULL, NULL),
('02015056141', '16.76', '3.70', '7.33', '18', '0.00', '2016-01-15 19:21:32', NULL, NULL, NULL),
('02014051674', '16.78', '3.62', '0.00', '0', '0.00', '2016-01-15 19:21:32', NULL, NULL, NULL),
('02015056131', '16.19', '7.98', '0.00', '18', '0.00', '2016-01-15 19:21:32', NULL, NULL, NULL),
('02014051811', '16.28', '7.90', '0.00', '0', '0.00', '2016-01-15 19:21:32', NULL, NULL, NULL),
('02014051757', '16.74', '3.85', '0.00', '0', '0.00', '2016-01-15 19:21:33', NULL, NULL, NULL),
('02015056121', '16.81', '3.89', '0.00', '0', '0.00', '2016-01-15 19:21:33', NULL, NULL, NULL),
('02014056028', '16.59', '7.53', '0.00', '0', '0.00', '2016-01-15 19:21:33', NULL, NULL, NULL),
('02015056131', '16.19', '8.01', '0.00', '18', '0.00', '2016-01-15 19:26:32', NULL, NULL, NULL),
('02014056028', '16.60', '7.50', '0.00', '0', '0.00', '2016-01-15 19:26:32', NULL, NULL, NULL),
('02015056141', '16.76', '3.71', '7.33', '18', '0.00', '2016-01-15 19:26:32', NULL, NULL, NULL),
('02014051674', '16.75', '3.60', '0.00', '0', '0.00', '2016-01-15 19:26:32', NULL, NULL, NULL),
('02014051811', '16.27', '7.99', '0.00', '0', '0.00', '2016-01-15 19:26:32', NULL, NULL, NULL),
('02014051757', '16.74', '3.84', '0.00', '0', '0.00', '2016-01-15 19:26:32', NULL, NULL, NULL),
('02015056121', '16.82', '3.87', '0.00', '0', '0.00', '2016-01-15 19:26:33', NULL, NULL, NULL),
('02014056028', '16.59', '7.49', '0.00', '0', '0.00', '2016-01-15 19:31:32', NULL, NULL, NULL),
('02014051674', '16.76', '3.55', '0.00', '0', '0.00', '2016-01-15 19:31:32', NULL, NULL, NULL),
('02015056141', '16.78', '3.69', '7.34', '18', '0.00', '2016-01-15 19:31:32', NULL, NULL, NULL),
('02015056131', '16.18', '7.98', '0.00', '18', '0.00', '2016-01-15 19:31:32', NULL, NULL, NULL),
('02014051811', '16.26', '7.96', '0.00', '0', '0.00', '2016-01-15 19:31:32', NULL, NULL, NULL),
('02015056121', '16.78', '3.85', '0.00', '0', '0.00', '2016-01-15 19:31:33', NULL, NULL, NULL),
('02014051757', '16.75', '3.84', '0.00', '0', '0.00', '2016-01-15 19:31:33', NULL, NULL, NULL),
('02015056121', '16.79', '3.82', '0.00', '0', '0.00', '2016-01-15 19:36:32', NULL, NULL, NULL),
('02015056131', '16.18', '7.93', '0.00', '18', '0.00', '2016-01-15 19:36:32', NULL, NULL, NULL),
('02014051674', '16.77', '3.54', '0.00', '0', '0.00', '2016-01-15 19:36:32', NULL, NULL, NULL),
('02015056141', '16.74', '3.67', '7.33', '18', '0.00', '2016-01-15 19:36:32', NULL, NULL, NULL),
('02014051811', '16.27', '7.99', '0.00', '0', '0.00', '2016-01-15 19:36:33', NULL, NULL, NULL),
('02014056028', '16.60', '7.46', '0.00', '0', '0.00', '2016-01-15 19:36:33', NULL, NULL, NULL),
('02014051757', '16.75', '3.80', '0.00', '0', '0.00', '2016-01-15 19:36:33', NULL, NULL, NULL),
('02015056121', '16.79', '3.80', '0.00', '0', '0.00', '2016-01-15 19:41:32', NULL, NULL, NULL),
('02015056141', '16.75', '3.57', '7.33', '18', '0.00', '2016-01-15 19:41:33', NULL, NULL, NULL),
('02014056028', '16.60', '7.49', '0.00', '0', '0.00', '2016-01-15 19:41:33', NULL, NULL, NULL),
('02014051674', '16.77', '3.53', '0.00', '0', '0.00', '2016-01-15 19:41:33', NULL, NULL, NULL),
('02014051757', '16.74', '3.75', '0.00', '0', '0.00', '2016-01-15 19:41:33', NULL, NULL, NULL),
('02014051811', '16.27', '7.98', '0.00', '0', '0.00', '2016-01-15 19:41:33', NULL, NULL, NULL),
('02015056131', '16.18', '7.96', '0.00', '18', '0.00', '2016-01-15 19:41:33', NULL, NULL, NULL),
('02015056121', '16.79', '3.82', '0.00', '0', '0.00', '2016-01-15 19:46:32', NULL, NULL, NULL),
('02015056141', '16.75', '3.57', '7.33', '18', '0.00', '2016-01-15 19:46:33', NULL, NULL, NULL),
('02014056028', '16.59', '7.47', '0.00', '0', '0.00', '2016-01-15 19:46:33', NULL, NULL, NULL),
('02014051674', '16.75', '3.54', '0.00', '0', '0.00', '2016-01-15 19:46:33', NULL, NULL, NULL),
('02014051811', '16.26', '7.87', '0.00', '0', '0.00', '2016-01-15 19:46:33', NULL, NULL, NULL),
('02015056131', '16.18', '7.91', '0.00', '18', '0.00', '2016-01-15 19:46:33', NULL, NULL, NULL),
('02014051757', '16.74', '3.66', '0.00', '0', '0.00', '2016-01-15 19:46:33', NULL, NULL, NULL),
('02015056141', '16.76', '3.61', '7.33', '18', '0.00', '2016-01-15 19:51:32', NULL, NULL, NULL),
('02014056028', '16.59', '7.47', '0.00', '0', '0.00', '2016-01-15 19:51:32', NULL, NULL, NULL),
('02014051674', '16.75', '3.56', '0.00', '0', '0.00', '2016-01-15 19:51:32', NULL, NULL, NULL),
('02014051811', '16.27', '7.90', '0.00', '0', '0.00', '2016-01-15 19:51:32', NULL, NULL, NULL),
('02015056121', '16.77', '3.82', '0.00', '0', '0.00', '2016-01-15 19:51:32', NULL, NULL, NULL),
('02014051757', '16.74', '3.73', '0.00', '0', '0.00', '2016-01-15 19:51:32', NULL, NULL, NULL),
('02015056131', '16.18', '7.89', '0.00', '18', '0.00', '2016-01-15 19:51:33', NULL, NULL, NULL),
('02015056141', '16.77', '3.59', '7.33', '18', '0.00', '2016-01-15 19:56:32', NULL, NULL, NULL),
('02014051674', '16.76', '3.52', '0.00', '0', '0.00', '2016-01-15 19:56:32', NULL, NULL, NULL),
('02015056121', '16.78', '3.84', '0.00', '0', '0.00', '2016-01-15 19:56:33', NULL, NULL, NULL),
('02015056131', '16.18', '7.85', '0.00', '18', '0.00', '2016-01-15 19:56:33', NULL, NULL, NULL),
('02014051757', '16.73', '3.70', '0.00', '0', '0.00', '2016-01-15 19:56:33', NULL, NULL, NULL),
('02014056028', '16.61', '7.44', '0.00', '0', '0.00', '2016-01-15 19:56:33', NULL, NULL, NULL),
('02014051811', '16.26', '7.94', '0.00', '0', '0.00', '2016-01-15 19:56:34', NULL, NULL, NULL),
('02015056141', '16.74', '3.59', '7.33', '18', '0.00', '2016-01-15 20:01:32', NULL, NULL, NULL),
('02014051674', '16.75', '3.51', '0.00', '0', '0.00', '2016-01-15 20:01:32', NULL, NULL, NULL),
('02015056131', '16.18', '7.85', '0.00', '18', '0.00', '2016-01-15 20:01:32', NULL, NULL, NULL),
('02014051811', '16.27', '7.94', '0.00', '0', '0.00', '2016-01-15 20:01:32', NULL, NULL, NULL),
('02014056028', '16.59', '7.41', '0.00', '0', '0.00', '2016-01-15 20:01:32', NULL, NULL, NULL),
('02014051757', '16.74', '3.73', '0.00', '0', '0.00', '2016-01-15 20:01:32', NULL, NULL, NULL),
('02015056121', '16.79', '3.85', '0.00', '0', '0.00', '2016-01-15 20:01:33', NULL, NULL, NULL),
('02015056141', '16.75', '3.56', '7.33', '18', '0.00', '2016-01-15 20:06:32', NULL, NULL, NULL),
('02014051674', '16.75', '3.48', '0.00', '0', '0.00', '2016-01-15 20:06:32', NULL, NULL, NULL),
('02015056121', '16.76', '3.86', '0.00', '0', '0.00', '2016-01-15 20:06:33', NULL, NULL, NULL),
('02014051811', '16.27', '7.87', '0.00', '0', '0.00', '2016-01-15 20:06:34', NULL, NULL, NULL),
('02015056131', '16.17', '7.87', '0.00', '18', '0.00', '2016-01-15 20:06:35', NULL, NULL, NULL),
('02014056028', '16.59', '7.41', '0.00', '0', '0.00', '2016-01-15 20:06:35', NULL, NULL, NULL),
('02014051757', '16.71', '3.68', '0.00', '0', '0.00', '2016-01-15 20:06:35', NULL, NULL, NULL),
('02015056141', '16.75', '3.51', '7.33', '18', '0.00', '2016-01-15 20:11:32', NULL, NULL, NULL),
('02014051674', '16.73', '3.46', '0.00', '0', '0.00', '2016-01-15 20:11:32', NULL, NULL, NULL),
('02015056131', '16.17', '7.88', '0.00', '18', '0.00', '2016-01-15 20:11:32', NULL, NULL, NULL),
('02014051811', '16.26', '7.92', '0.00', '0', '0.00', '2016-01-15 20:11:32', NULL, NULL, NULL),
('02014051757', '16.73', '3.63', '0.00', '0', '0.00', '2016-01-15 20:11:33', NULL, NULL, NULL),
('02014056028', '16.59', '7.38', '0.00', '0', '0.00', '2016-01-15 20:11:33', NULL, NULL, NULL),
('02015056121', '16.76', '3.87', '0.00', '0', '0.00', '2016-01-15 20:11:33', NULL, NULL, NULL),
('02015056141', '16.75', '3.47', '7.33', '18', '0.00', '2016-01-15 20:16:32', NULL, NULL, NULL),
('02014051674', '16.74', '3.50', '0.00', '0', '0.00', '2016-01-15 20:16:32', NULL, NULL, NULL),
('02015056131', '16.17', '7.88', '0.00', '18', '0.00', '2016-01-15 20:16:32', NULL, NULL, NULL),
('02014051811', '16.26', '7.76', '0.00', '0', '0.00', '2016-01-15 20:16:32', NULL, NULL, NULL),
('02014056028', '16.57', '7.40', '0.00', '0', '0.00', '2016-01-15 20:16:33', NULL, NULL, NULL),
('02014051757', '16.74', '3.60', '0.00', '0', '0.00', '2016-01-15 20:16:33', NULL, NULL, NULL),
('02015056121', '16.77', '3.92', '0.00', '0', '0.00', '2016-01-15 20:16:33', NULL, NULL, NULL),
('02015056131', '16.17', '7.88', '0.00', '18', '0.00', '2016-01-15 20:21:32', NULL, NULL, NULL),
('02015056141', '16.76', '3.49', '7.33', '18', '0.00', '2016-01-15 20:21:32', NULL, NULL, NULL),
('02014051811', '16.26', '7.80', '0.00', '0', '0.00', '2016-01-15 20:21:33', NULL, NULL, NULL),
('02014051757', '16.73', '3.59', '0.00', '0', '0.00', '2016-01-15 20:21:33', NULL, NULL, NULL),
('02014056028', '16.58', '7.44', '0.00', '0', '0.00', '2016-01-15 20:21:33', NULL, NULL, NULL),
('02015056121', '16.75', '3.90', '0.00', '0', '0.00', '2016-01-15 20:21:33', NULL, NULL, NULL),
('02014051674', '16.74', '3.50', '0.00', '0', '0.00', '2016-01-15 20:21:33', NULL, NULL, NULL),
('02014051674', '16.73', '3.55', '0.00', '0', '0.00', '2016-01-15 20:26:32', NULL, NULL, NULL),
('02015056131', '16.16', '7.86', '0.00', '18', '0.00', '2016-01-15 20:26:32', NULL, NULL, NULL),
('02014056028', '16.57', '7.44', '0.00', '0', '0.00', '2016-01-15 20:26:33', NULL, NULL, NULL),
('02014051811', '16.26', '7.86', '0.00', '0', '0.00', '2016-01-15 20:26:33', NULL, NULL, NULL),
('02014051757', '16.74', '3.56', '0.00', '0', '0.00', '2016-01-15 20:26:33', NULL, NULL, NULL),
('02015056121', '16.77', '3.88', '0.00', '0', '0.00', '2016-01-15 20:26:33', NULL, NULL, NULL),
('02015056141', '16.75', '3.46', '7.33', '18', '0.00', '2016-01-15 20:26:33', NULL, NULL, NULL),
('02015056121', '16.76', '3.86', '0.00', '0', '0.00', '2016-01-15 20:31:32', NULL, NULL, NULL),
('02015056141', '16.75', '3.44', '7.33', '18', '0.00', '2016-01-15 20:31:32', NULL, NULL, NULL),
('02014051757', '16.74', '3.52', '0.00', '0', '0.00', '2016-01-15 20:31:32', NULL, NULL, NULL),
('02014051811', '16.26', '7.83', '0.00', '0', '0.00', '2016-01-15 20:31:33', NULL, NULL, NULL),
('02014051674', '16.74', '3.51', '0.00', '0', '0.00', '2016-01-15 20:31:33', NULL, NULL, NULL),
('02015056131', '16.16', '7.86', '0.00', '18', '0.00', '2016-01-15 20:31:33', NULL, NULL, NULL),
('02014056028', '16.57', '7.42', '0.00', '0', '0.00', '2016-01-15 20:31:35', NULL, NULL, NULL),
('02014051674', '16.71', '3.57', '0.00', '0', '0.00', '2016-01-15 20:36:33', NULL, NULL, NULL),
('02015056141', '16.75', '3.48', '7.32', '18', '0.00', '2016-01-15 20:36:33', NULL, NULL, NULL),
('02015056131', '16.17', '7.88', '0.00', '18', '0.00', '2016-01-15 20:36:33', NULL, NULL, NULL),
('02014056028', '16.58', '7.38', '0.00', '0', '0.00', '2016-01-15 20:36:33', NULL, NULL, NULL),
('02014051757', '16.74', '3.51', '0.00', '0', '0.00', '2016-01-15 20:36:33', NULL, NULL, NULL),
('02014051811', '16.26', '7.90', '0.00', '0', '0.00', '2016-01-15 20:36:34', NULL, NULL, NULL),
('02014051674', '16.73', '3.57', '0.00', '0', '0.00', '2016-01-15 20:41:32', NULL, NULL, NULL),
('02014051811', '16.26', '7.93', '0.00', '0', '0.00', '2016-01-15 20:41:33', NULL, NULL, NULL),
('02015056141', '16.74', '3.42', '7.33', '18', '0.00', '2016-01-15 20:41:33', NULL, NULL, NULL),
('02014056028', '16.58', '7.34', '0.00', '0', '0.00', '2016-01-15 20:41:33', NULL, NULL, NULL),
('02014051757', '16.73', '3.52', '0.00', '0', '0.00', '2016-01-15 20:41:33', NULL, NULL, NULL),
('02015056121', '16.76', '3.82', '0.00', '0', '0.00', '2016-01-15 20:41:33', NULL, NULL, NULL),
('02015056141', '16.73', '3.38', '7.30', '18', '0.00', '2016-01-15 20:46:32', NULL, NULL, NULL),
('02014051674', '16.73', '3.53', '0.00', '0', '0.00', '2016-01-15 20:46:32', NULL, NULL, NULL),
('02015056131', '16.17', '7.88', '0.00', '18', '0.00', '2016-01-15 20:46:32', NULL, NULL, NULL),
('02014051757', '16.73', '3.49', '0.00', '0', '0.00', '2016-01-15 20:46:33', NULL, NULL, NULL),
('02014051811', '16.26', '7.93', '0.00', '0', '0.00', '2016-01-15 20:46:33', NULL, NULL, NULL),
('02014056028', '16.57', '7.37', '0.00', '0', '0.00', '2016-01-15 20:46:33', NULL, NULL, NULL),
('02015056121', '16.76', '3.82', '0.00', '0', '0.00', '2016-01-15 20:46:34', NULL, NULL, NULL),
('02015056141', '16.73', '3.35', '7.32', '18', '0.00', '2016-01-15 20:51:32', NULL, NULL, NULL),
('02014051674', '16.71', '3.50', '0.00', '0', '0.00', '2016-01-15 20:51:32', NULL, NULL, NULL),
('02015056131', '16.16', '7.86', '0.00', '18', '0.00', '2016-01-15 20:51:33', NULL, NULL, NULL),
('02015056121', '16.76', '3.81', '0.00', '0', '0.00', '2016-01-15 20:51:33', NULL, NULL, NULL),
('02014056028', '16.57', '7.36', '0.00', '0', '0.00', '2016-01-15 20:51:33', NULL, NULL, NULL),
('02014051757', '16.73', '3.46', '0.00', '0', '0.00', '2016-01-15 20:51:34', NULL, NULL, NULL),
('02014051811', '16.25', '7.94', '0.00', '0', '0.00', '2016-01-15 20:51:34', NULL, NULL, NULL),
('02015056141', '16.74', '3.38', '7.32', '18', '0.00', '2016-01-15 20:56:32', NULL, NULL, NULL),
('02014051674', '16.71', '3.48', '0.00', '0', '0.00', '2016-01-15 20:56:32', NULL, NULL, NULL),
('02014056028', '16.57', '7.33', '0.00', '0', '0.00', '2016-01-15 20:56:33', NULL, NULL, NULL),
('02015056121', '16.76', '3.79', '0.00', '0', '0.00', '2016-01-15 20:56:33', NULL, NULL, NULL),
('02015056131', '16.16', '7.84', '0.00', '18', '0.00', '2016-01-15 20:56:33', NULL, NULL, NULL),
('02014051811', '16.25', '7.94', '0.00', '0', '0.00', '2016-01-15 20:56:34', NULL, NULL, NULL),
('02014051757', '16.71', '3.47', '0.00', '0', '0.00', '2016-01-15 20:56:34', NULL, NULL, NULL),
('02015056141', '16.71', '3.43', '7.32', '18', '0.00', '2016-01-15 21:01:32', NULL, NULL, NULL),
('02014051674', '16.73', '3.46', '0.00', '0', '0.00', '2016-01-15 21:01:32', NULL, NULL, NULL),
('02015056121', '16.75', '3.79', '0.00', '0', '0.00', '2016-01-15 21:01:32', NULL, NULL, NULL),
('02014051757', '16.70', '3.54', '0.00', '0', '0.00', '2016-01-15 21:01:33', NULL, NULL, NULL),
('02014056028', '16.57', '7.33', '0.00', '0', '0.00', '2016-01-15 21:01:33', NULL, NULL, NULL),
('02014051811', '16.25', '7.92', '0.00', '0', '0.00', '2016-01-15 21:01:34', NULL, NULL, NULL),
('02015056131', '16.16', '7.82', '0.00', '18', '0.00', '2016-01-15 21:01:35', NULL, NULL, NULL),
('02014051811', '16.25', '7.93', '0.00', '0', '0.00', '2016-01-15 21:06:32', NULL, NULL, NULL),
('02014056028', '16.57', '7.32', '0.00', '0', '0.00', '2016-01-15 21:06:32', NULL, NULL, NULL),
('02014051757', '16.71', '3.48', '0.00', '0', '0.00', '2016-01-15 21:06:32', NULL, NULL, NULL),
('02015056121', '16.76', '3.79', '0.00', '0', '0.00', '2016-01-15 21:06:32', NULL, NULL, NULL),
('02014051674', '16.71', '3.42', '0.00', '0', '0.00', '2016-01-15 21:06:32', NULL, NULL, NULL),
('02015056141', '16.70', '3.37', '7.32', '18', '0.00', '2016-01-15 21:06:32', NULL, NULL, NULL),
('02015056131', '16.14', '7.81', '0.00', '18', '0.00', '2016-01-15 21:06:33', NULL, NULL, NULL),
('02015056131', '16.14', '7.79', '0.00', '18', '0.00', '2016-01-15 21:11:32', NULL, NULL, NULL),
('02014056028', '16.56', '7.33', '0.00', '0', '0.00', '2016-01-15 21:11:32', NULL, NULL, NULL),
('02014051811', '16.23', '7.90', '0.00', '0', '0.00', '2016-01-15 21:11:32', NULL, NULL, NULL),
('02014051757', '16.70', '3.46', '0.00', '0', '0.00', '2016-01-15 21:11:32', NULL, NULL, NULL);
INSERT INTO `ap_device_online_t` (`imsi`, `waterTemp`, `dissolvedOxygen`, `phValue`, `electrical`, `anDan`, `timestamp`, `workingVoltage`, `operatingTemp`, `chargingVoltage`) VALUES
('02015056141', '16.70', '3.37', '7.33', '18', '0.00', '2016-01-15 21:11:32', NULL, NULL, NULL),
('02015056121', '16.75', '3.77', '0.00', '0', '0.00', '2016-01-15 21:11:32', NULL, NULL, NULL),
('02014051674', '16.71', '3.45', '0.00', '0', '0.00', '2016-01-15 21:11:33', NULL, NULL, NULL),
('02015056131', '16.15', '7.80', '0.00', '18', '0.00', '2016-01-15 21:16:32', NULL, NULL, NULL),
('02014051811', '16.23', '7.82', '0.00', '0', '0.00', '2016-01-15 21:16:32', NULL, NULL, NULL),
('02014056028', '16.56', '7.32', '0.00', '0', '0.00', '2016-01-15 21:16:32', NULL, NULL, NULL),
('02014051757', '16.70', '3.44', '0.00', '0', '0.00', '2016-01-15 21:16:33', NULL, NULL, NULL),
('02014051674', '16.70', '3.48', '0.00', '0', '0.00', '2016-01-15 21:16:33', NULL, NULL, NULL),
('02015056141', '16.70', '3.36', '7.33', '18', '0.00', '2016-01-15 21:16:33', NULL, NULL, NULL),
('02015056121', '16.74', '3.79', '0.00', '0', '0.00', '2016-01-15 21:16:34', NULL, NULL, NULL),
('02015056131', '16.15', '7.81', '0.00', '18', '0.00', '2016-01-15 21:21:32', NULL, NULL, NULL),
('02014051811', '16.21', '7.61', '0.00', '0', '0.00', '2016-01-15 21:21:32', NULL, NULL, NULL),
('02014056028', '16.56', '7.34', '0.00', '0', '0.00', '2016-01-15 21:21:32', NULL, NULL, NULL),
('02014051757', '16.67', '3.47', '0.00', '0', '0.00', '2016-01-15 21:21:32', NULL, NULL, NULL),
('02015056141', '16.69', '3.35', '7.33', '18', '0.00', '2016-01-15 21:21:32', NULL, NULL, NULL),
('02014051674', '16.71', '3.46', '0.00', '0', '0.00', '2016-01-15 21:21:36', NULL, NULL, NULL),
('02015056121', '16.76', '3.77', '0.00', '0', '0.00', '2016-01-15 21:21:36', NULL, NULL, NULL),
('02015056131', '16.14', '7.78', '0.00', '18', '0.00', '2016-01-15 21:26:32', NULL, NULL, NULL),
('02014051811', '16.21', '7.59', '0.00', '0', '0.00', '2016-01-15 21:26:32', NULL, NULL, NULL),
('02014056028', '16.56', '7.30', '0.00', '0', '0.00', '2016-01-15 21:26:32', NULL, NULL, NULL),
('02014051757', '16.69', '3.52', '0.00', '0', '0.00', '2016-01-15 21:26:32', NULL, NULL, NULL),
('02015056121', '16.73', '3.80', '0.00', '0', '0.00', '2016-01-15 21:26:33', NULL, NULL, NULL),
('02015056141', '16.70', '3.39', '7.32', '18', '0.00', '2016-01-15 21:26:33', NULL, NULL, NULL),
('02014051674', '16.70', '3.46', '0.00', '0', '0.00', '2016-01-15 21:26:33', NULL, NULL, NULL),
('02015056131', '16.15', '7.78', '0.00', '18', '0.00', '2016-01-15 21:31:32', NULL, NULL, NULL),
('02014056028', '16.56', '7.29', '0.00', '0', '0.00', '2016-01-15 21:31:33', NULL, NULL, NULL),
('02015056141', '16.70', '3.39', '7.33', '18', '0.00', '2016-01-15 21:31:33', NULL, NULL, NULL),
('02014051674', '16.70', '3.54', '0.00', '0', '0.00', '2016-01-15 21:31:33', NULL, NULL, NULL),
('02014051757', '16.69', '3.53', '0.00', '0', '0.00', '2016-01-15 21:31:33', NULL, NULL, NULL),
('02015056121', '16.73', '3.80', '0.00', '0', '0.00', '2016-01-15 21:31:34', NULL, NULL, NULL),
('02014051811', '16.20', '7.81', '0.00', '0', '0.00', '2016-01-15 21:31:34', NULL, NULL, NULL),
('02015056141', '16.69', '3.39', '7.33', '18', '0.00', '2016-01-15 21:36:32', NULL, NULL, NULL),
('02015056131', '16.14', '7.76', '0.00', '18', '0.00', '2016-01-15 21:36:32', NULL, NULL, NULL),
('02014051811', '16.20', '7.81', '0.00', '0', '0.00', '2016-01-15 21:36:33', NULL, NULL, NULL),
('02014056028', '16.54', '7.28', '0.00', '0', '0.00', '2016-01-15 21:36:33', NULL, NULL, NULL),
('02014051757', '16.69', '3.52', '0.00', '0', '0.00', '2016-01-15 21:36:33', NULL, NULL, NULL),
('02015056121', '16.73', '3.77', '0.00', '0', '0.00', '2016-01-15 21:36:33', NULL, NULL, NULL),
('02014051674', '16.70', '3.51', '0.00', '0', '0.00', '2016-01-15 21:36:36', NULL, NULL, NULL),
('02015056141', '16.68', '3.39', '7.33', '18', '0.00', '2016-01-15 21:41:32', NULL, NULL, NULL),
('02014051674', '16.69', '3.50', '0.00', '0', '0.00', '2016-01-15 21:41:32', NULL, NULL, NULL),
('02015056131', '16.15', '7.73', '0.00', '18', '0.00', '2016-01-15 21:41:32', NULL, NULL, NULL),
('02014051811', '16.20', '7.71', '0.00', '0', '0.00', '2016-01-15 21:41:33', NULL, NULL, NULL),
('02014056028', '16.56', '7.27', '0.00', '0', '0.00', '2016-01-15 21:41:33', NULL, NULL, NULL),
('02014051757', '16.69', '3.53', '0.00', '0', '0.00', '2016-01-15 21:41:33', NULL, NULL, NULL),
('02015056121', '16.73', '3.77', '0.00', '0', '0.00', '2016-01-15 21:41:33', NULL, NULL, NULL),
('02015056121', '16.71', '3.79', '0.00', '0', '0.00', '2016-01-15 21:46:32', NULL, NULL, NULL),
('02014051674', '16.70', '3.43', '0.00', '0', '0.00', '2016-01-15 21:46:32', NULL, NULL, NULL),
('02015056141', '16.68', '3.40', '7.33', '18', '0.00', '2016-01-15 21:46:32', NULL, NULL, NULL),
('02014051757', '16.68', '3.49', '0.00', '0', '0.00', '2016-01-15 21:46:33', NULL, NULL, NULL),
('02014051811', '16.20', '7.62', '0.00', '0', '0.00', '2016-01-15 21:46:33', NULL, NULL, NULL),
('02014056028', '16.56', '7.27', '0.00', '0', '0.00', '2016-01-15 21:46:33', NULL, NULL, NULL),
('02015056131', '16.14', '7.71', '0.00', '18', '0.00', '2016-01-15 21:46:34', NULL, NULL, NULL),
('02015056121', '16.71', '3.81', '0.00', '0', '0.00', '2016-01-15 21:51:32', NULL, NULL, NULL),
('02015056141', '16.70', '3.40', '7.33', '18', '0.00', '2016-01-15 21:51:32', NULL, NULL, NULL),
('02014051674', '16.70', '3.42', '0.00', '0', '0.00', '2016-01-15 21:51:32', NULL, NULL, NULL),
('02015056131', '16.14', '7.66', '0.00', '18', '0.00', '2016-01-15 21:51:33', NULL, NULL, NULL),
('02014051757', '16.68', '3.49', '0.00', '0', '0.00', '2016-01-15 21:51:34', NULL, NULL, NULL),
('02014056028', '16.56', '7.31', '0.00', '0', '0.00', '2016-01-15 21:51:34', NULL, NULL, NULL),
('02014051811', '16.20', '7.51', '0.00', '0', '0.00', '2016-01-15 21:51:34', NULL, NULL, NULL),
('02014051757', '16.68', '3.48', '0.00', '0', '0.00', '2016-01-15 21:56:32', NULL, NULL, NULL),
('02015056121', '16.71', '3.80', '0.00', '0', '0.00', '2016-01-15 21:56:32', NULL, NULL, NULL),
('02015056141', '16.69', '3.37', '7.33', '18', '0.00', '2016-01-15 21:56:32', NULL, NULL, NULL),
('02014051674', '16.70', '3.39', '0.00', '0', '0.00', '2016-01-15 21:56:32', NULL, NULL, NULL),
('02014056028', '16.54', '7.29', '0.00', '0', '0.00', '2016-01-15 21:56:33', NULL, NULL, NULL),
('02015056131', '16.12', '7.63', '0.00', '18', '0.00', '2016-01-15 21:56:33', NULL, NULL, NULL),
('02014051811', '16.20', '7.47', '0.00', '0', '0.00', '2016-01-15 21:56:33', NULL, NULL, NULL),
('02014056028', '16.54', '7.29', '0.00', '0', '0.00', '2016-01-15 22:01:32', NULL, NULL, NULL),
('02015056141', '16.70', '3.36', '7.33', '18', '0.00', '2016-01-15 22:01:32', NULL, NULL, NULL),
('02014051674', '16.70', '3.42', '0.00', '0', '0.00', '2016-01-15 22:01:32', NULL, NULL, NULL),
('02015056121', '16.71', '3.80', '0.00', '0', '0.00', '2016-01-15 22:01:32', NULL, NULL, NULL),
('02014051757', '16.69', '3.45', '0.00', '0', '0.00', '2016-01-15 22:01:33', NULL, NULL, NULL),
('02015056131', '16.12', '7.65', '0.00', '18', '0.00', '2016-01-15 22:01:33', NULL, NULL, NULL),
('02014051811', '16.20', '7.52', '0.00', '0', '0.00', '2016-01-15 22:01:34', NULL, NULL, NULL),
('02015056131', '16.12', '7.64', '0.00', '18', '0.00', '2016-01-15 22:06:32', NULL, NULL, NULL),
('02014051811', '16.21', '7.56', '0.00', '0', '0.00', '2016-01-15 22:06:32', NULL, NULL, NULL),
('02014051757', '16.67', '3.48', '0.00', '0', '0.00', '2016-01-15 22:06:32', NULL, NULL, NULL),
('02015056141', '16.69', '3.36', '7.33', '18', '0.00', '2016-01-15 22:06:32', NULL, NULL, NULL),
('02014051674', '16.68', '3.48', '0.00', '0', '0.00', '2016-01-15 22:06:32', NULL, NULL, NULL),
('02014056028', '16.54', '7.30', '0.00', '0', '0.00', '2016-01-15 22:06:33', NULL, NULL, NULL),
('02015056121', '16.70', '3.78', '0.00', '0', '0.00', '2016-01-15 22:06:33', NULL, NULL, NULL),
('02015056131', '16.12', '7.55', '0.00', '18', '0.00', '2016-01-15 22:11:32', NULL, NULL, NULL),
('02014051757', '16.68', '3.47', '0.00', '0', '0.00', '2016-01-15 22:11:33', NULL, NULL, NULL),
('02014051674', '16.69', '3.42', '0.00', '0', '0.00', '2016-01-15 22:11:33', NULL, NULL, NULL),
('02015056141', '16.68', '3.36', '7.33', '18', '0.00', '2016-01-15 22:11:33', NULL, NULL, NULL),
('02014051811', '16.20', '7.44', '0.00', '0', '0.00', '2016-01-15 22:11:33', NULL, NULL, NULL),
('02015056121', '16.70', '3.82', '0.00', '0', '0.00', '2016-01-15 22:11:33', NULL, NULL, NULL),
('02014056028', '16.56', '7.25', '0.00', '0', '0.00', '2016-01-15 22:11:33', NULL, NULL, NULL),
('02014056028', '16.54', '7.27', '0.00', '0', '0.00', '2016-01-15 22:16:32', NULL, NULL, NULL),
('02015056121', '16.69', '3.81', '0.00', '0', '0.00', '2016-01-15 22:16:32', NULL, NULL, NULL),
('02014051757', '16.66', '3.48', '0.00', '0', '0.00', '2016-01-15 22:16:33', NULL, NULL, NULL),
('02014051811', '16.19', '7.55', '0.00', '0', '0.00', '2016-01-15 22:16:33', NULL, NULL, NULL),
('02014051674', '16.69', '3.44', '0.00', '0', '0.00', '2016-01-15 22:16:33', NULL, NULL, NULL),
('02015056131', '16.12', '7.54', '0.00', '18', '0.00', '2016-01-15 22:16:33', NULL, NULL, NULL),
('02015056141', '16.68', '3.34', '7.33', '18', '0.00', '2016-01-15 22:16:34', NULL, NULL, NULL),
('02014051674', '16.68', '3.51', '0.00', '0', '0.00', '2016-01-15 22:21:32', NULL, NULL, NULL),
('02015056131', '16.12', '7.55', '0.00', '18', '0.00', '2016-01-15 22:21:32', NULL, NULL, NULL),
('02014051811', '16.19', '7.63', '0.00', '0', '0.00', '2016-01-15 22:21:32', NULL, NULL, NULL),
('02014056028', '16.54', '7.25', '0.00', '0', '0.00', '2016-01-15 22:21:33', NULL, NULL, NULL),
('02015056141', '16.67', '3.32', '7.33', '18', '0.00', '2016-01-15 22:21:33', NULL, NULL, NULL),
('02014051757', '16.66', '3.46', '0.00', '0', '0.00', '2016-01-15 22:21:33', NULL, NULL, NULL),
('02015056121', '16.69', '3.79', '0.00', '0', '0.00', '2016-01-15 22:21:34', NULL, NULL, NULL),
('02014051757', '16.67', '3.43', '0.00', '0', '0.00', '2016-01-15 22:26:32', NULL, NULL, NULL),
('02014051811', '16.18', '7.64', '0.00', '0', '0.00', '2016-01-15 22:26:33', NULL, NULL, NULL),
('02015056141', '16.68', '3.32', '7.33', '18', '0.00', '2016-01-15 22:26:33', NULL, NULL, NULL),
('02014051674', '16.67', '3.47', '0.00', '0', '0.00', '2016-01-15 22:26:33', NULL, NULL, NULL),
('02015056131', '16.12', '7.56', '0.00', '18', '0.00', '2016-01-15 22:26:33', NULL, NULL, NULL),
('02014056028', '16.54', '7.23', '0.00', '0', '0.00', '2016-01-15 22:26:34', NULL, NULL, NULL),
('02015056121', '16.70', '3.76', '0.00', '0', '0.00', '2016-01-15 22:26:36', NULL, NULL, NULL),
('02014051674', '16.68', '3.40', '0.00', '0', '0.00', '2016-01-15 22:31:32', NULL, NULL, NULL),
('02015056141', '16.67', '3.33', '7.33', '18', '0.00', '2016-01-15 22:31:32', NULL, NULL, NULL),
('02014051757', '16.67', '3.44', '0.00', '0', '0.00', '2016-01-15 22:31:32', NULL, NULL, NULL),
('02014056028', '16.54', '7.22', '0.00', '0', '0.00', '2016-01-15 22:31:33', NULL, NULL, NULL),
('02015056121', '16.70', '3.76', '0.00', '0', '0.00', '2016-01-15 22:31:33', NULL, NULL, NULL),
('02014051811', '16.19', '7.60', '0.00', '0', '0.00', '2016-01-15 22:31:34', NULL, NULL, NULL),
('02015056131', '16.12', '7.54', '0.00', '18', '0.00', '2016-01-15 22:31:35', NULL, NULL, NULL),
('02015056121', '16.69', '3.74', '0.00', '0', '0.00', '2016-01-15 22:36:32', NULL, NULL, NULL),
('02015056141', '16.66', '3.31', '7.33', '18', '0.00', '2016-01-15 22:36:32', NULL, NULL, NULL),
('02015056131', '16.12', '7.48', '0.00', '18', '0.00', '2016-01-15 22:36:33', NULL, NULL, NULL),
('02014051811', '16.19', '7.63', '0.00', '0', '0.00', '2016-01-15 22:36:33', NULL, NULL, NULL),
('02014056028', '16.54', '7.24', '0.00', '0', '0.00', '2016-01-15 22:36:33', NULL, NULL, NULL),
('02014051674', '16.65', '3.38', '0.00', '0', '0.00', '2016-01-15 22:36:33', NULL, NULL, NULL),
('02014051757', '16.66', '3.43', '0.00', '0', '0.00', '2016-01-15 22:36:33', NULL, NULL, NULL),
('02015056121', '16.69', '3.73', '0.00', '0', '0.00', '2016-01-15 22:41:32', NULL, NULL, NULL),
('02015056141', '16.68', '3.31', '7.33', '18', '0.00', '2016-01-15 22:41:32', NULL, NULL, NULL),
('02014051674', '16.65', '3.37', '0.00', '0', '0.00', '2016-01-15 22:41:32', NULL, NULL, NULL),
('02015056131', '16.12', '7.43', '0.00', '18', '0.00', '2016-01-15 22:41:33', NULL, NULL, NULL),
('02014056028', '16.56', '7.25', '0.00', '0', '0.00', '2016-01-15 22:41:33', NULL, NULL, NULL),
('02014051811', '16.19', '7.58', '0.00', '0', '0.00', '2016-01-15 22:41:33', NULL, NULL, NULL),
('02014051757', '16.66', '3.44', '0.00', '0', '0.00', '2016-01-15 22:41:33', NULL, NULL, NULL),
('02015056121', '16.69', '3.72', '0.00', '0', '0.00', '2016-01-15 22:46:32', NULL, NULL, NULL),
('02015056141', '16.66', '3.30', '7.33', '18', '0.00', '2016-01-15 22:46:32', NULL, NULL, NULL),
('02014051674', '16.66', '3.35', '0.00', '0', '0.00', '2016-01-15 22:46:32', NULL, NULL, NULL),
('02014051811', '16.19', '7.54', '0.00', '0', '0.00', '2016-01-15 22:46:33', NULL, NULL, NULL),
('02014051757', '16.66', '3.45', '0.00', '0', '0.00', '2016-01-15 22:46:33', NULL, NULL, NULL),
('02015056131', '16.12', '7.20', '0.00', '18', '0.00', '2016-01-15 22:46:33', NULL, NULL, NULL),
('02014056028', '16.54', '7.22', '0.00', '0', '0.00', '2016-01-15 22:46:33', NULL, NULL, NULL),
('02014056028', '16.53', '7.20', '0.00', '0', '0.00', '2016-01-15 22:51:32', NULL, NULL, NULL),
('02014051674', '16.65', '3.31', '0.00', '0', '0.00', '2016-01-15 22:51:32', NULL, NULL, NULL),
('02015056141', '16.66', '3.29', '7.32', '18', '0.00', '2016-01-15 22:51:32', NULL, NULL, NULL),
('02014051757', '16.65', '3.40', '0.00', '0', '0.00', '2016-01-15 22:51:32', NULL, NULL, NULL),
('02015056121', '16.69', '3.70', '0.00', '0', '0.00', '2016-01-15 22:51:32', NULL, NULL, NULL),
('02014051811', '16.19', '7.52', '0.00', '0', '0.00', '2016-01-15 22:51:33', NULL, NULL, NULL),
('02015056131', '16.11', '7.10', '0.00', '18', '0.00', '2016-01-15 22:51:33', NULL, NULL, NULL),
('02014051674', '16.66', '3.38', '0.00', '0', '0.00', '2016-01-15 22:56:32', NULL, NULL, NULL),
('02015056141', '16.67', '3.29', '7.32', '18', '0.00', '2016-01-15 22:56:32', NULL, NULL, NULL),
('02014051757', '16.66', '3.40', '0.00', '0', '0.00', '2016-01-15 22:56:32', NULL, NULL, NULL),
('02015056131', '16.11', '7.11', '0.00', '18', '0.00', '2016-01-15 22:56:32', NULL, NULL, NULL),
('02014056028', '16.52', '7.18', '0.00', '0', '0.00', '2016-01-15 22:56:32', NULL, NULL, NULL),
('02015056121', '16.69', '3.67', '0.00', '0', '0.00', '2016-01-15 22:56:33', NULL, NULL, NULL),
('02014051811', '16.18', '7.53', '0.00', '0', '0.00', '2016-01-15 22:56:33', NULL, NULL, NULL),
('02015056141', '16.66', '3.30', '7.32', '18', '0.00', '2016-01-15 23:01:32', NULL, NULL, NULL),
('02014051674', '16.66', '3.39', '0.00', '0', '0.00', '2016-01-15 23:01:32', NULL, NULL, NULL),
('02015056131', '16.11', '7.09', '0.00', '18', '0.00', '2016-01-15 23:01:32', NULL, NULL, NULL),
('02014051811', '16.19', '7.56', '0.00', '0', '0.00', '2016-01-15 23:01:32', NULL, NULL, NULL),
('02014051757', '16.65', '3.40', '0.00', '0', '0.00', '2016-01-15 23:01:32', NULL, NULL, NULL),
('02015056121', '16.69', '3.62', '0.00', '0', '0.00', '2016-01-15 23:01:33', NULL, NULL, NULL),
('02014056028', '16.51', '7.19', '0.00', '0', '0.00', '2016-01-15 23:01:33', NULL, NULL, NULL),
('02015056141', '16.66', '3.27', '7.33', '18', '0.00', '2016-01-15 23:06:32', NULL, NULL, NULL),
('02014051674', '16.66', '3.39', '0.00', '0', '0.00', '2016-01-15 23:06:32', NULL, NULL, NULL),
('02015056131', '16.11', '7.09', '0.00', '18', '0.00', '2016-01-15 23:06:33', NULL, NULL, NULL),
('02014051757', '16.65', '3.38', '0.00', '0', '0.00', '2016-01-15 23:06:33', NULL, NULL, NULL),
('02014056028', '16.52', '7.17', '0.00', '0', '0.00', '2016-01-15 23:06:33', NULL, NULL, NULL),
('02015056121', '16.70', '3.60', '0.00', '0', '0.00', '2016-01-15 23:06:33', NULL, NULL, NULL),
('02014051811', '16.18', '7.53', '0.00', '0', '0.00', '2016-01-15 23:06:34', NULL, NULL, NULL),
('02015056131', '16.11', '7.08', '0.00', '18', '0.00', '2016-01-15 23:11:32', NULL, NULL, NULL),
('02015056141', '16.65', '3.28', '7.32', '18', '0.00', '2016-01-15 23:11:32', NULL, NULL, NULL),
('02014051674', '16.66', '3.35', '0.00', '0', '0.00', '2016-01-15 23:11:32', NULL, NULL, NULL),
('02014051811', '16.18', '7.51', '0.00', '0', '0.00', '2016-01-15 23:11:32', NULL, NULL, NULL),
('02014051757', '16.65', '3.39', '0.00', '0', '0.00', '2016-01-15 23:11:33', NULL, NULL, NULL),
('02014056028', '16.52', '7.14', '0.00', '0', '0.00', '2016-01-15 23:11:33', NULL, NULL, NULL),
('02015056121', '16.68', '3.61', '0.00', '0', '0.00', '2016-01-15 23:11:33', NULL, NULL, NULL),
('02015056141', '16.65', '3.29', '7.32', '18', '0.00', '2016-01-15 23:16:32', NULL, NULL, NULL),
('02015056131', '16.11', '7.07', '0.00', '18', '0.00', '2016-01-15 23:16:32', NULL, NULL, NULL),
('02014051674', '16.65', '3.35', '0.00', '0', '0.00', '2016-01-15 23:16:32', NULL, NULL, NULL),
('02014051811', '16.19', '7.45', '0.00', '0', '0.00', '2016-01-15 23:16:33', NULL, NULL, NULL),
('02014056028', '16.51', '7.22', '0.00', '0', '0.00', '2016-01-15 23:16:33', NULL, NULL, NULL),
('02014051757', '16.64', '3.42', '0.00', '0', '0.00', '2016-01-15 23:16:33', NULL, NULL, NULL),
('02015056121', '16.68', '3.60', '0.00', '0', '0.00', '2016-01-15 23:16:33', NULL, NULL, NULL),
('02015056141', '16.65', '3.25', '7.32', '18', '0.00', '2016-01-15 23:21:32', NULL, NULL, NULL),
('02014051674', '16.66', '3.32', '0.00', '0', '0.00', '2016-01-15 23:21:33', NULL, NULL, NULL),
('02015056131', '16.11', '7.01', '0.00', '18', '0.00', '2016-01-15 23:21:34', NULL, NULL, NULL),
('02014056028', '16.51', '7.23', '0.00', '0', '0.00', '2016-01-15 23:21:35', NULL, NULL, NULL),
('02014051757', '16.64', '3.36', '0.00', '0', '0.00', '2016-01-15 23:21:35', NULL, NULL, NULL),
('02014051811', '16.18', '7.32', '0.00', '0', '0.00', '2016-01-15 23:21:35', NULL, NULL, NULL),
('02015056131', '16.11', '7.00', '0.00', '18', '0.00', '2016-01-15 23:26:33', NULL, NULL, NULL),
('02014051811', '16.18', '7.36', '0.00', '0', '0.00', '2016-01-15 23:26:33', NULL, NULL, NULL),
('02014051674', '16.66', '3.32', '0.00', '0', '0.00', '2016-01-15 23:26:33', NULL, NULL, NULL),
('02015056141', '16.66', '3.25', '7.32', '18', '0.00', '2016-01-15 23:26:33', NULL, NULL, NULL),
('02014056028', '16.51', '7.21', '0.00', '0', '0.00', '2016-01-15 23:26:33', NULL, NULL, NULL),
('02014051757', '16.64', '3.35', '0.00', '0', '0.00', '2016-01-15 23:26:33', NULL, NULL, NULL),
('02015056121', '16.68', '3.60', '0.00', '0', '0.00', '2016-01-15 23:26:33', NULL, NULL, NULL),
('02015056121', '16.69', '3.57', '0.00', '0', '0.00', '2016-01-15 23:31:32', NULL, NULL, NULL),
('02014051674', '16.65', '3.33', '0.00', '0', '0.00', '2016-01-15 23:31:33', NULL, NULL, NULL),
('02014051757', '16.65', '3.35', '0.00', '0', '0.00', '2016-01-15 23:31:33', NULL, NULL, NULL),
('02015056131', '16.11', '7.07', '0.00', '18', '0.00', '2016-01-15 23:31:33', NULL, NULL, NULL),
('02014056028', '16.51', '7.20', '0.00', '0', '0.00', '2016-01-15 23:31:33', NULL, NULL, NULL),
('02014051811', '16.17', '7.09', '0.00', '0', '0.00', '2016-01-15 23:31:33', NULL, NULL, NULL),
('02015056141', '16.65', '3.25', '7.32', '18', '0.00', '2016-01-15 23:31:34', NULL, NULL, NULL),
('02014051757', '16.64', '3.31', '0.00', '0', '0.00', '2016-01-15 23:36:33', NULL, NULL, NULL),
('02015056141', '16.64', '3.23', '7.32', '18', '0.00', '2016-01-15 23:36:33', NULL, NULL, NULL),
('02014051674', '16.65', '3.27', '0.00', '0', '0.00', '2016-01-15 23:36:33', NULL, NULL, NULL),
('02014056028', '16.51', '7.16', '0.00', '0', '0.00', '2016-01-15 23:36:33', NULL, NULL, NULL),
('02015056131', '16.11', '7.00', '0.00', '18', '0.00', '2016-01-15 23:36:33', NULL, NULL, NULL),
('02014051811', '16.17', '7.12', '0.00', '0', '0.00', '2016-01-15 23:36:34', NULL, NULL, NULL),
('02015056121', '16.69', '3.56', '0.00', '0', '0.00', '2016-01-15 23:36:34', NULL, NULL, NULL),
('02015056121', '16.68', '3.57', '0.00', '0', '0.00', '2016-01-15 23:41:32', NULL, NULL, NULL),
('02014051757', '16.62', '3.36', '0.00', '0', '0.00', '2016-01-15 23:41:33', NULL, NULL, NULL),
('02015056131', '16.11', '7.00', '0.00', '18', '0.00', '2016-01-15 23:41:33', NULL, NULL, NULL),
('02015056141', '16.64', '3.23', '7.32', '18', '0.00', '2016-01-15 23:41:33', NULL, NULL, NULL),
('02014056028', '16.51', '7.11', '0.00', '0', '0.00', '2016-01-15 23:41:33', NULL, NULL, NULL),
('02014051674', '16.65', '3.31', '0.00', '0', '0.00', '2016-01-15 23:41:33', NULL, NULL, NULL),
('02015056141', '16.64', '3.18', '7.32', '18', '0.00', '2016-01-15 23:46:32', NULL, NULL, NULL),
('02015056121', '16.69', '3.58', '0.00', '0', '0.00', '2016-01-15 23:46:32', NULL, NULL, NULL),
('02014051674', '16.65', '3.25', '0.00', '0', '0.00', '2016-01-15 23:46:33', NULL, NULL, NULL),
('02015056131', '16.11', '7.00', '0.00', '18', '0.00', '2016-01-15 23:46:33', NULL, NULL, NULL),
('02014056028', '16.52', '7.12', '0.00', '0', '0.00', '2016-01-15 23:46:33', NULL, NULL, NULL),
('02014051757', '16.62', '3.31', '0.00', '0', '0.00', '2016-01-15 23:46:34', NULL, NULL, NULL),
('02015056131', '16.10', '6.94', '0.00', '18', '0.00', '2016-01-15 23:51:32', NULL, NULL, NULL),
('02015056141', '16.65', '3.19', '7.32', '18', '0.00', '2016-01-15 23:51:32', NULL, NULL, NULL),
('02014051811', '16.16', '7.33', '0.00', '0', '0.00', '2016-01-15 23:51:32', NULL, NULL, NULL),
('02014051674', '16.65', '3.28', '0.00', '0', '0.00', '2016-01-15 23:51:32', NULL, NULL, NULL),
('02014056028', '16.51', '7.12', '0.00', '0', '0.00', '2016-01-15 23:51:32', NULL, NULL, NULL),
('02014051757', '16.62', '3.31', '0.00', '0', '0.00', '2016-01-15 23:51:32', NULL, NULL, NULL),
('02015056121', '16.69', '3.57', '0.00', '0', '0.00', '2016-01-15 23:51:33', NULL, NULL, NULL),
('02015056141', '16.64', '3.16', '7.32', '18', '0.00', '2016-01-15 23:56:32', NULL, NULL, NULL),
('02014051674', '16.64', '3.31', '0.00', '0', '0.00', '2016-01-15 23:56:32', NULL, NULL, NULL),
('02015056131', '16.10', '6.97', '0.00', '18', '0.00', '2016-01-15 23:56:32', NULL, NULL, NULL),
('02015056121', '16.66', '3.55', '0.00', '0', '0.00', '2016-01-15 23:56:32', NULL, NULL, NULL),
('02014056028', '16.50', '7.13', '0.00', '0', '0.00', '2016-01-15 23:56:32', NULL, NULL, NULL),
('02014051757', '16.62', '3.31', '0.00', '0', '0.00', '2016-01-15 23:56:34', NULL, NULL, NULL),
('02015056141', '16.65', '3.15', '7.32', '18', '0.00', '2016-01-16 00:01:32', NULL, NULL, NULL),
('02014051674', '16.64', '3.28', '0.00', '0', '0.00', '2016-01-16 00:01:32', NULL, NULL, NULL),
('02015056131', '16.09', '7.00', '0.00', '18', '0.00', '2016-01-16 00:01:32', NULL, NULL, NULL),
('02014051811', '16.16', '7.12', '0.00', '0', '0.00', '2016-01-16 00:01:32', NULL, NULL, NULL),
('02014056028', '16.51', '7.11', '0.00', '0', '0.00', '2016-01-16 00:01:33', NULL, NULL, NULL),
('02014051757', '16.62', '3.28', '0.00', '0', '0.00', '2016-01-16 00:01:33', NULL, NULL, NULL),
('02015056121', '16.67', '3.53', '0.00', '0', '0.00', '2016-01-16 00:01:33', NULL, NULL, NULL),
('02014051811', '16.16', '7.31', '0.00', '0', '0.00', '2016-01-16 00:06:32', NULL, NULL, NULL),
('02015056141', '16.64', '3.16', '7.31', '18', '0.00', '2016-01-16 00:06:32', NULL, NULL, NULL),
('02014051674', '16.64', '3.27', '0.00', '0', '0.00', '2016-01-16 00:06:32', NULL, NULL, NULL),
('02014056028', '16.50', '7.10', '0.00', '0', '0.00', '2016-01-16 00:06:32', NULL, NULL, NULL),
('02014051757', '16.62', '3.28', '0.00', '0', '0.00', '2016-01-16 00:06:33', NULL, NULL, NULL),
('02015056121', '16.66', '3.55', '0.00', '0', '0.00', '2016-01-16 00:06:33', NULL, NULL, NULL),
('02015056131', '16.08', '6.98', '0.00', '18', '0.00', '2016-01-16 00:06:34', NULL, NULL, NULL),
('02015056131', '16.08', '6.97', '0.00', '18', '0.00', '2016-01-16 00:11:32', NULL, NULL, NULL),
('02014051811', '16.16', '7.02', '0.00', '0', '0.00', '2016-01-16 00:11:32', NULL, NULL, NULL),
('02014051757', '16.62', '3.28', '0.00', '0', '0.00', '2016-01-16 00:11:32', NULL, NULL, NULL),
('02014056028', '16.50', '7.02', '0.00', '0', '0.00', '2016-01-16 00:11:32', NULL, NULL, NULL),
('02014051674', '16.62', '3.26', '0.00', '0', '0.00', '2016-01-16 00:11:33', NULL, NULL, NULL),
('02015056141', '16.62', '3.17', '7.31', '18', '0.00', '2016-01-16 00:11:33', NULL, NULL, NULL),
('02015056121', '16.66', '3.54', '0.00', '0', '0.00', '2016-01-16 00:11:33', NULL, NULL, NULL),
('02015056131', '16.08', '7.03', '0.00', '18', '0.00', '2016-01-16 00:16:32', NULL, NULL, NULL),
('02014056028', '16.52', '7.00', '0.00', '0', '0.00', '2016-01-16 00:16:32', NULL, NULL, NULL),
('02014051811', '16.16', '6.88', '0.00', '0', '0.00', '2016-01-16 00:16:32', NULL, NULL, NULL),
('02015056141', '16.64', '3.17', '7.31', '18', '0.00', '2016-01-16 00:16:32', NULL, NULL, NULL),
('02014051674', '16.64', '3.24', '0.00', '0', '0.00', '2016-01-16 00:16:33', NULL, NULL, NULL),
('02014051757', '16.62', '3.27', '0.00', '0', '0.00', '2016-01-16 00:16:33', NULL, NULL, NULL),
('02015056121', '16.64', '3.56', '0.00', '0', '0.00', '2016-01-16 00:16:33', NULL, NULL, NULL),
('02015056131', '16.07', '7.08', '0.00', '18', '0.00', '2016-01-16 00:21:32', NULL, NULL, NULL),
('02014051811', '16.15', '7.08', '0.00', '0', '0.00', '2016-01-16 00:21:32', NULL, NULL, NULL),
('02014051674', '16.62', '3.25', '0.00', '0', '0.00', '2016-01-16 00:21:33', NULL, NULL, NULL),
('02014051757', '16.62', '3.28', '0.00', '0', '0.00', '2016-01-16 00:21:33', NULL, NULL, NULL),
('02015056141', '16.62', '3.18', '7.31', '18', '0.00', '2016-01-16 00:21:33', NULL, NULL, NULL),
('02014056028', '16.51', '7.05', '0.00', '0', '0.00', '2016-01-16 00:21:33', NULL, NULL, NULL),
('02015056121', '16.62', '3.56', '0.00', '0', '0.00', '2016-01-16 00:21:33', NULL, NULL, NULL),
('02014051674', '16.62', '3.21', '0.00', '0', '0.00', '2016-01-16 00:26:33', NULL, NULL, NULL),
('02015056131', '16.07', '7.14', '0.00', '18', '0.00', '2016-01-16 00:26:33', NULL, NULL, NULL),
('02014051811', '16.15', '7.05', '0.00', '0', '0.00', '2016-01-16 00:26:33', NULL, NULL, NULL),
('02014056028', '16.51', '7.03', '0.00', '0', '0.00', '2016-01-16 00:26:33', NULL, NULL, NULL),
('02014051757', '16.61', '3.26', '0.00', '0', '0.00', '2016-01-16 00:26:33', NULL, NULL, NULL),
('02015056121', '16.66', '3.54', '0.00', '0', '0.00', '2016-01-16 00:26:34', NULL, NULL, NULL),
('02015056141', '16.62', '3.17', '7.31', '18', '0.00', '2016-01-16 00:26:34', NULL, NULL, NULL),
('02015056131', '16.07', '7.18', '0.00', '18', '0.00', '2016-01-16 00:31:32', NULL, NULL, NULL),
('02014051811', '16.16', '6.93', '0.00', '0', '0.00', '2016-01-16 00:31:33', NULL, NULL, NULL),
('02014051674', '16.62', '3.27', '0.00', '0', '0.00', '2016-01-16 00:31:33', NULL, NULL, NULL),
('02015056141', '16.62', '3.16', '7.31', '18', '0.00', '2016-01-16 00:31:33', NULL, NULL, NULL),
('02014051757', '16.60', '3.23', '0.00', '0', '0.00', '2016-01-16 00:31:33', NULL, NULL, NULL),
('02014056028', '16.51', '7.03', '0.00', '0', '0.00', '2016-01-16 00:31:33', NULL, NULL, NULL),
('02015056141', '16.62', '3.16', '7.32', '18', '0.00', '2016-01-16 00:36:32', NULL, NULL, NULL),
('02014051674', '16.64', '3.27', '0.00', '0', '0.00', '2016-01-16 00:36:33', NULL, NULL, NULL),
('02014051811', '16.16', '6.99', '0.00', '0', '0.00', '2016-01-16 00:36:33', NULL, NULL, NULL),
('02014056028', '16.51', '7.05', '0.00', '0', '0.00', '2016-01-16 00:36:33', NULL, NULL, NULL),
('02014051757', '16.61', '3.27', '0.00', '0', '0.00', '2016-01-16 00:36:34', NULL, NULL, NULL),
('02015056121', '16.66', '3.52', '0.00', '0', '0.00', '2016-01-16 00:36:34', NULL, NULL, NULL),
('02015056131', '16.07', '7.17', '0.00', '18', '0.00', '2016-01-16 00:36:35', NULL, NULL, NULL),
('02015056141', '16.65', '3.19', '7.31', '18', '0.00', '2016-01-16 00:41:32', NULL, NULL, NULL),
('02014051674', '16.62', '3.23', '0.00', '0', '0.00', '2016-01-16 00:41:32', NULL, NULL, NULL),
('02015056131', '16.07', '7.15', '0.00', '18', '0.00', '2016-01-16 00:41:35', NULL, NULL, NULL),
('02014056028', '16.51', '7.02', '0.00', '0', '0.00', '2016-01-16 00:41:35', NULL, NULL, NULL),
('02014051757', '16.61', '3.29', '0.00', '0', '0.00', '2016-01-16 00:41:35', NULL, NULL, NULL),
('02015056121', '16.65', '3.50', '0.00', '0', '0.00', '2016-01-16 00:41:35', NULL, NULL, NULL),
('02014051811', '16.14', '6.77', '0.00', '0', '0.00', '2016-01-16 00:41:36', NULL, NULL, NULL),
('02015056121', '16.67', '3.49', '0.00', '0', '0.00', '2016-01-16 00:46:32', NULL, NULL, NULL),
('02015056141', '16.62', '3.17', '7.31', '18', '0.00', '2016-01-16 00:46:32', NULL, NULL, NULL),
('02014051674', '16.62', '3.19', '0.00', '0', '0.00', '2016-01-16 00:46:33', NULL, NULL, NULL),
('02014051757', '16.61', '3.27', '0.00', '0', '0.00', '2016-01-16 00:46:33', NULL, NULL, NULL),
('02014056028', '16.49', '7.09', '0.00', '0', '0.00', '2016-01-16 00:46:33', NULL, NULL, NULL),
('02015056131', '16.07', '7.16', '0.00', '18', '0.00', '2016-01-16 00:46:33', NULL, NULL, NULL),
('02014051811', '16.14', '6.73', '0.00', '0', '0.00', '2016-01-16 00:46:34', NULL, NULL, NULL),
('02015056141', '16.60', '3.18', '7.32', '18', '0.00', '2016-01-16 00:51:32', NULL, NULL, NULL),
('02014051674', '16.62', '3.26', '0.00', '0', '0.00', '2016-01-16 00:51:33', NULL, NULL, NULL),
('02015056131', '16.07', '7.16', '0.00', '18', '0.00', '2016-01-16 00:51:33', NULL, NULL, NULL),
('02014056028', '16.51', '7.03', '0.00', '0', '0.00', '2016-01-16 00:51:33', NULL, NULL, NULL),
('02014051757', '16.61', '3.28', '0.00', '0', '0.00', '2016-01-16 00:51:34', NULL, NULL, NULL),
('02014051811', '16.12', '6.71', '0.00', '0', '0.00', '2016-01-16 00:51:34', NULL, NULL, NULL),
('02015056121', '16.65', '3.48', '0.00', '0', '0.00', '2016-01-16 00:51:34', NULL, NULL, NULL),
('02015056121', '16.65', '3.46', '0.00', '0', '0.00', '2016-01-16 00:56:32', NULL, NULL, NULL),
('02015056141', '16.62', '3.16', '7.31', '18', '0.00', '2016-01-16 00:56:32', NULL, NULL, NULL),
('02014051674', '16.61', '3.19', '0.00', '0', '0.00', '2016-01-16 00:56:33', NULL, NULL, NULL),
('02015056131', '16.06', '7.15', '0.00', '18', '0.00', '2016-01-16 00:56:34', NULL, NULL, NULL),
('02014051757', '16.60', '3.25', '0.00', '0', '0.00', '2016-01-16 00:56:34', NULL, NULL, NULL),
('02014056028', '16.48', '7.04', '0.00', '0', '0.00', '2016-01-16 00:56:34', NULL, NULL, NULL),
('02014051811', '16.12', '6.65', '0.00', '0', '0.00', '2016-01-16 00:56:34', NULL, NULL, NULL),
('02015056131', '16.06', '7.10', '0.00', '18', '0.00', '2016-01-16 01:01:32', NULL, NULL, NULL),
('02014056028', '16.48', '7.07', '0.00', '0', '0.00', '2016-01-16 01:01:32', NULL, NULL, NULL),
('02015056141', '16.60', '3.18', '7.31', '18', '0.00', '2016-01-16 01:01:32', NULL, NULL, NULL),
('02014051674', '16.61', '3.18', '0.00', '0', '0.00', '2016-01-16 01:01:32', NULL, NULL, NULL),
('02014051757', '16.61', '3.27', '0.00', '0', '0.00', '2016-01-16 01:01:33', NULL, NULL, NULL),
('02015056121', '16.65', '3.46', '0.00', '0', '0.00', '2016-01-16 01:01:33', NULL, NULL, NULL),
('02014051811', '16.14', '6.64', '0.00', '0', '0.00', '2016-01-16 01:01:35', NULL, NULL, NULL),
('02014056028', '16.46', '7.10', '0.00', '0', '0.00', '2016-01-16 01:06:32', NULL, NULL, NULL),
('02015056131', '16.04', '7.08', '0.00', '18', '0.00', '2016-01-16 01:06:32', NULL, NULL, NULL),
('02014051811', '16.12', '6.67', '0.00', '0', '0.00', '2016-01-16 01:06:32', NULL, NULL, NULL),
('02015056121', '16.64', '3.47', '0.00', '0', '0.00', '2016-01-16 01:06:32', NULL, NULL, NULL),
('02015056141', '16.62', '3.14', '7.31', '18', '0.00', '2016-01-16 01:06:32', NULL, NULL, NULL),
('02014051757', '16.58', '3.24', '0.00', '0', '0.00', '2016-01-16 01:06:32', NULL, NULL, NULL),
('02014051674', '16.62', '3.23', '0.00', '0', '0.00', '2016-01-16 01:06:33', NULL, NULL, NULL),
('02015056131', '16.04', '7.04', '0.00', '18', '0.00', '2016-01-16 01:11:32', NULL, NULL, NULL),
('02015056141', '16.62', '3.14', '7.32', '18', '0.00', '2016-01-16 01:11:33', NULL, NULL, NULL),
('02014051674', '16.62', '3.26', '0.00', '0', '0.00', '2016-01-16 01:11:33', NULL, NULL, NULL),
('02015056121', '16.62', '3.46', '0.00', '0', '0.00', '2016-01-16 01:11:33', NULL, NULL, NULL),
('02014051811', '16.12', '6.65', '0.00', '0', '0.00', '2016-01-16 01:11:33', NULL, NULL, NULL),
('02014056028', '16.46', '7.10', '0.00', '0', '0.00', '2016-01-16 01:11:33', NULL, NULL, NULL),
('02014051757', '16.58', '3.24', '0.00', '0', '0.00', '2016-01-16 01:11:33', NULL, NULL, NULL),
('02015056131', '16.04', '6.98', '0.00', '18', '0.00', '2016-01-16 01:16:32', NULL, NULL, NULL),
('02014051757', '16.60', '3.22', '0.00', '0', '0.00', '2016-01-16 01:16:33', NULL, NULL, NULL),
('02014051811', '16.16', '6.62', '0.00', '0', '0.00', '2016-01-16 01:16:33', NULL, NULL, NULL),
('02014051674', '16.62', '3.24', '0.00', '0', '0.00', '2016-01-16 01:16:33', NULL, NULL, NULL),
('02015056141', '16.61', '3.10', '7.31', '18', '0.00', '2016-01-16 01:16:33', NULL, NULL, NULL),
('02014056028', '16.49', '7.08', '0.00', '0', '0.00', '2016-01-16 01:16:33', NULL, NULL, NULL),
('02015056121', '16.62', '3.45', '0.00', '0', '0.00', '2016-01-16 01:16:33', NULL, NULL, NULL),
('02014056028', '16.49', '7.10', '0.00', '0', '0.00', '2016-01-16 01:21:32', NULL, NULL, NULL),
('02014051811', '16.15', '6.64', '0.00', '0', '0.00', '2016-01-16 01:21:32', NULL, NULL, NULL),
('02015056131', '16.04', '6.87', '0.00', '18', '0.00', '2016-01-16 01:21:32', NULL, NULL, NULL),
('02014051757', '16.61', '3.21', '0.00', '0', '0.00', '2016-01-16 01:21:32', NULL, NULL, NULL),
('02015056121', '16.62', '3.44', '0.00', '0', '0.00', '2016-01-16 01:21:33', NULL, NULL, NULL),
('02015056141', '16.62', '3.09', '7.31', '18', '0.00', '2016-01-16 01:21:33', NULL, NULL, NULL),
('02014051674', '16.61', '3.25', '0.00', '0', '0.00', '2016-01-16 01:21:33', NULL, NULL, NULL),
('02015056131', '16.04', '6.83', '0.00', '18', '0.00', '2016-01-16 01:26:32', NULL, NULL, NULL),
('02014051811', '16.14', '6.63', '0.00', '0', '0.00', '2016-01-16 01:26:33', NULL, NULL, NULL),
('02015056141', '16.62', '3.08', '7.31', '18', '0.00', '2016-01-16 01:26:33', NULL, NULL, NULL),
('02014051757', '16.60', '3.20', '0.00', '0', '0.00', '2016-01-16 01:26:33', NULL, NULL, NULL),
('02014056028', '16.50', '7.10', '0.00', '0', '0.00', '2016-01-16 01:26:33', NULL, NULL, NULL),
('02014051674', '16.62', '3.23', '0.00', '0', '0.00', '2016-01-16 01:26:33', NULL, NULL, NULL),
('02015056121', '16.64', '3.41', '0.00', '0', '0.00', '2016-01-16 01:26:34', NULL, NULL, NULL),
('02014051674', '16.61', '3.21', '0.00', '0', '0.00', '2016-01-16 01:31:32', NULL, NULL, NULL),
('02015056141', '16.60', '3.11', '7.31', '18', '0.00', '2016-01-16 01:31:32', NULL, NULL, NULL),
('02014051811', '16.12', '6.67', '0.00', '0', '0.00', '2016-01-16 01:31:33', NULL, NULL, NULL),
('02015056121', '16.64', '3.39', '0.00', '0', '0.00', '2016-01-16 01:31:34', NULL, NULL, NULL),
('02014051757', '16.60', '3.14', '0.00', '0', '0.00', '2016-01-16 01:31:34', NULL, NULL, NULL),
('02015056131', '16.04', '6.74', '0.00', '18', '0.00', '2016-01-16 01:31:34', NULL, NULL, NULL),
('02014056028', '16.46', '7.10', '0.00', '0', '0.00', '2016-01-16 01:31:34', NULL, NULL, NULL),
('02014051674', '16.61', '3.15', '0.00', '0', '0.00', '2016-01-16 01:36:32', NULL, NULL, NULL),
('02015056121', '16.62', '3.41', '0.00', '0', '0.00', '2016-01-16 01:36:32', NULL, NULL, NULL),
('02015056141', '16.60', '3.05', '7.31', '18', '0.00', '2016-01-16 01:36:33', NULL, NULL, NULL),
('02014051811', '16.12', '6.49', '0.00', '0', '0.00', '2016-01-16 01:36:33', NULL, NULL, NULL),
('02014056028', '16.46', '7.12', '0.00', '0', '0.00', '2016-01-16 01:36:33', NULL, NULL, NULL),
('02014051757', '16.60', '3.16', '0.00', '0', '0.00', '2016-01-16 01:36:33', NULL, NULL, NULL),
('02015056131', '16.04', '6.69', '0.00', '18', '0.00', '2016-01-16 01:36:33', NULL, NULL, NULL),
('02015056121', '16.61', '3.41', '0.00', '0', '0.00', '2016-01-16 01:41:32', NULL, NULL, NULL),
('02015056141', '16.60', '3.07', '7.31', '18', '0.00', '2016-01-16 01:41:32', NULL, NULL, NULL),
('02014051674', '16.61', '3.12', '0.00', '0', '0.00', '2016-01-16 01:41:32', NULL, NULL, NULL),
('02014051757', '16.59', '3.15', '0.00', '0', '0.00', '2016-01-16 01:41:33', NULL, NULL, NULL),
('02014056028', '16.48', '7.15', '0.00', '0', '0.00', '2016-01-16 01:41:33', NULL, NULL, NULL),
('02015056131', '16.04', '6.67', '0.00', '18', '0.00', '2016-01-16 01:41:34', NULL, NULL, NULL),
('02014051811', '16.12', '6.52', '0.00', '0', '0.00', '2016-01-16 01:41:34', NULL, NULL, NULL),
('02014051674', '16.61', '3.11', '0.00', '0', '0.00', '2016-01-16 01:46:33', NULL, NULL, NULL),
('02015056141', '16.60', '3.06', '7.31', '18', '0.00', '2016-01-16 01:46:33', NULL, NULL, NULL),
('02014051757', '16.59', '3.13', '0.00', '0', '0.00', '2016-01-16 01:46:33', NULL, NULL, NULL),
('02015056131', '16.04', '6.58', '0.00', '18', '0.00', '2016-01-16 01:46:33', NULL, NULL, NULL),
('02014051811', '16.12', '6.54', '0.00', '0', '0.00', '2016-01-16 01:46:33', NULL, NULL, NULL),
('02014056028', '16.49', '7.10', '0.00', '0', '0.00', '2016-01-16 01:46:33', NULL, NULL, NULL),
('02015056121', '16.62', '3.39', '0.00', '0', '0.00', '2016-01-16 01:51:32', NULL, NULL, NULL),
('02014056028', '16.45', '7.10', '0.00', '0', '0.00', '2016-01-16 01:51:32', NULL, NULL, NULL),
('02014051757', '16.59', '3.18', '0.00', '0', '0.00', '2016-01-16 01:51:32', NULL, NULL, NULL),
('02015056141', '16.59', '3.05', '7.31', '18', '0.00', '2016-01-16 01:51:32', NULL, NULL, NULL),
('02014051674', '16.60', '3.08', '0.00', '0', '0.00', '2016-01-16 01:51:32', NULL, NULL, NULL),
('02015056131', '16.04', '6.55', '0.00', '18', '0.00', '2016-01-16 01:51:33', NULL, NULL, NULL),
('02014051811', '16.11', '6.69', '0.00', '0', '0.00', '2016-01-16 01:51:33', NULL, NULL, NULL),
('02015056131', '16.04', '6.61', '0.00', '18', '0.00', '2016-01-16 01:56:32', NULL, NULL, NULL),
('02015056141', '16.60', '3.02', '7.32', '18', '0.00', '2016-01-16 01:56:32', NULL, NULL, NULL),
('02014051811', '16.11', '6.77', '0.00', '0', '0.00', '2016-01-16 01:56:33', NULL, NULL, NULL),
('02014051757', '16.59', '3.18', '0.00', '0', '0.00', '2016-01-16 01:56:33', NULL, NULL, NULL),
('02014056028', '16.46', '7.09', '0.00', '0', '0.00', '2016-01-16 01:56:33', NULL, NULL, NULL),
('02015056121', '16.62', '3.41', '0.00', '0', '0.00', '2016-01-16 01:56:33', NULL, NULL, NULL),
('02014051674', '16.59', '3.09', '0.00', '0', '0.00', '2016-01-16 01:56:34', NULL, NULL, NULL),
('02014051811', '16.11', '6.77', '0.00', '0', '0.00', '2016-01-16 02:01:32', NULL, NULL, NULL),
('02015056121', '16.62', '3.39', '0.00', '0', '0.00', '2016-01-16 02:01:32', NULL, NULL, NULL),
('02015056131', '16.03', '6.67', '0.00', '18', '0.00', '2016-01-16 02:01:33', NULL, NULL, NULL),
('02014056028', '16.45', '7.10', '0.00', '0', '0.00', '2016-01-16 02:01:33', NULL, NULL, NULL),
('02014051757', '16.60', '3.18', '0.00', '0', '0.00', '2016-01-16 02:01:33', NULL, NULL, NULL),
('02015056141', '16.59', '3.03', '7.31', '18', '0.00', '2016-01-16 02:01:33', NULL, NULL, NULL),
('02014051674', '16.59', '3.13', '0.00', '0', '0.00', '2016-01-16 02:01:34', NULL, NULL, NULL),
('02015056121', '16.62', '3.39', '0.00', '0', '0.00', '2016-01-16 02:06:33', NULL, NULL, NULL),
('02015056131', '16.03', '6.63', '0.00', '18', '0.00', '2016-01-16 02:06:33', NULL, NULL, NULL),
('02015056141', '16.61', '3.02', '7.31', '18', '0.00', '2016-01-16 02:06:33', NULL, NULL, NULL),
('02014051811', '16.12', '6.73', '0.00', '0', '0.00', '2016-01-16 02:06:33', NULL, NULL, NULL),
('02014051674', '16.59', '3.18', '0.00', '0', '0.00', '2016-01-16 02:06:33', NULL, NULL, NULL),
('02014056028', '16.46', '7.13', '0.00', '0', '0.00', '2016-01-16 02:06:33', NULL, NULL, NULL),
('02014051757', '16.59', '3.19', '0.00', '0', '0.00', '2016-01-16 02:06:33', NULL, NULL, NULL),
('02015056131', '16.04', '6.67', '0.00', '18', '0.00', '2016-01-16 02:11:32', NULL, NULL, NULL),
('02014051811', '16.12', '6.75', '0.00', '0', '0.00', '2016-01-16 02:11:32', NULL, NULL, NULL),
('02014056028', '16.45', '7.10', '0.00', '0', '0.00', '2016-01-16 02:11:33', NULL, NULL, NULL),
('02015056121', '16.61', '3.38', '0.00', '0', '0.00', '2016-01-16 02:11:33', NULL, NULL, NULL),
('02014051757', '16.59', '3.19', '0.00', '0', '0.00', '2016-01-16 02:11:33', NULL, NULL, NULL),
('02014051674', '16.59', '3.12', '0.00', '0', '0.00', '2016-01-16 02:11:34', NULL, NULL, NULL),
('02015056141', '16.60', '3.06', '7.31', '18', '0.00', '2016-01-16 02:11:35', NULL, NULL, NULL),
('02014051811', '16.10', '6.80', '0.00', '0', '0.00', '2016-01-16 02:16:32', NULL, NULL, NULL),
('02015056131', '16.03', '6.64', '0.00', '18', '0.00', '2016-01-16 02:16:32', NULL, NULL, NULL),
('02014051757', '16.59', '3.15', '0.00', '0', '0.00', '2016-01-16 02:16:32', NULL, NULL, NULL),
('02014056028', '16.45', '7.09', '0.00', '0', '0.00', '2016-01-16 02:16:33', NULL, NULL, NULL),
('02015056121', '16.61', '3.36', '0.00', '0', '0.00', '2016-01-16 02:16:33', NULL, NULL, NULL),
('02014051674', '16.59', '3.12', '0.00', '0', '0.00', '2016-01-16 02:16:33', NULL, NULL, NULL),
('02015056141', '16.61', '3.07', '7.31', '18', '0.00', '2016-01-16 02:16:34', NULL, NULL, NULL),
('02014051811', '16.11', '6.78', '0.00', '0', '0.00', '2016-01-16 02:21:32', NULL, NULL, NULL),
('02015056131', '16.04', '6.65', '0.00', '18', '0.00', '2016-01-16 02:21:32', NULL, NULL, NULL),
('02014056028', '16.45', '7.09', '0.00', '0', '0.00', '2016-01-16 02:21:32', NULL, NULL, NULL),
('02014051757', '16.59', '3.15', '0.00', '0', '0.00', '2016-01-16 02:21:33', NULL, NULL, NULL),
('02015056141', '16.59', '3.04', '7.31', '18', '0.00', '2016-01-16 02:21:33', NULL, NULL, NULL),
('02014051674', '16.59', '3.06', '0.00', '0', '0.00', '2016-01-16 02:21:33', NULL, NULL, NULL),
('02015056121', '16.62', '3.34', '0.00', '0', '0.00', '2016-01-16 02:21:33', NULL, NULL, NULL),
('02015056131', '16.04', '6.70', '0.00', '18', '0.00', '2016-01-16 02:26:33', NULL, NULL, NULL),
('02014051757', '16.59', '3.12', '0.00', '0', '0.00', '2016-01-16 02:26:33', NULL, NULL, NULL),
('02014056028', '16.43', '7.10', '0.00', '0', '0.00', '2016-01-16 02:26:33', NULL, NULL, NULL),
('02015056141', '16.59', '2.98', '7.31', '18', '0.00', '2016-01-16 02:26:33', NULL, NULL, NULL),
('02014051811', '16.09', '6.78', '0.00', '0', '0.00', '2016-01-16 02:26:33', NULL, NULL, NULL),
('02015056121', '16.62', '3.32', '0.00', '0', '0.00', '2016-01-16 02:26:33', NULL, NULL, NULL),
('02014051674', '16.58', '3.10', '0.00', '0', '0.00', '2016-01-16 02:26:34', NULL, NULL, NULL),
('02014051674', '16.59', '3.08', '0.00', '0', '0.00', '2016-01-16 02:31:33', NULL, NULL, NULL),
('02015056121', '16.61', '3.32', '0.00', '0', '0.00', '2016-01-16 02:31:33', NULL, NULL, NULL),
('02015056141', '16.59', '3.02', '7.31', '18', '0.00', '2016-01-16 02:31:33', NULL, NULL, NULL),
('02014056028', '16.44', '7.11', '0.00', '0', '0.00', '2016-01-16 02:31:33', NULL, NULL, NULL),
('02014051757', '16.58', '3.11', '0.00', '0', '0.00', '2016-01-16 02:31:33', NULL, NULL, NULL),
('02015056131', '16.04', '6.72', '0.00', '18', '0.00', '2016-01-16 02:31:34', NULL, NULL, NULL),
('02014051811', '16.10', '6.78', '0.00', '0', '0.00', '2016-01-16 02:31:34', NULL, NULL, NULL),
('02015056121', '16.59', '3.32', '0.00', '0', '0.00', '2016-01-16 02:36:32', NULL, NULL, NULL),
('02014051674', '16.57', '3.06', '0.00', '0', '0.00', '2016-01-16 02:36:33', NULL, NULL, NULL),
('02015056131', '16.04', '6.72', '0.00', '18', '0.00', '2016-01-16 02:36:33', NULL, NULL, NULL),
('02014051757', '16.57', '3.15', '0.00', '0', '0.00', '2016-01-16 02:36:33', NULL, NULL, NULL),
('02014051811', '16.11', '6.72', '0.00', '0', '0.00', '2016-01-16 02:36:33', NULL, NULL, NULL),
('02014056028', '16.44', '7.12', '0.00', '0', '0.00', '2016-01-16 02:36:33', NULL, NULL, NULL),
('02015056141', '16.58', '3.01', '7.31', '18', '0.00', '2016-01-16 02:36:34', NULL, NULL, NULL),
('02015056121', '16.61', '3.31', '0.00', '0', '0.00', '2016-01-16 02:41:32', NULL, NULL, NULL),
('02015056141', '16.58', '3.00', '7.31', '18', '0.00', '2016-01-16 02:41:33', NULL, NULL, NULL),
('02015056131', '16.04', '6.73', '0.00', '18', '0.00', '2016-01-16 02:41:33', NULL, NULL, NULL),
('02014051674', '16.58', '3.05', '0.00', '0', '0.00', '2016-01-16 02:41:33', NULL, NULL, NULL),
('02014051811', '16.11', '6.80', '0.00', '0', '0.00', '2016-01-16 02:41:34', NULL, NULL, NULL),
('02014056028', '16.43', '7.12', '0.00', '0', '0.00', '2016-01-16 02:41:34', NULL, NULL, NULL),
('02014051757', '16.54', '3.11', '0.00', '0', '0.00', '2016-01-16 02:41:34', NULL, NULL, NULL),
('02014051674', '16.57', '3.05', '0.00', '0', '0.00', '2016-01-16 02:46:32', NULL, NULL, NULL),
('02014051811', '16.10', '6.82', '0.00', '0', '0.00', '2016-01-16 02:46:32', NULL, NULL, NULL),
('02014056028', '16.43', '7.13', '0.00', '0', '0.00', '2016-01-16 02:46:33', NULL, NULL, NULL),
('02014051757', '16.54', '3.14', '0.00', '0', '0.00', '2016-01-16 02:46:33', NULL, NULL, NULL),
('02015056121', '16.61', '3.28', '0.00', '0', '0.00', '2016-01-16 02:46:33', NULL, NULL, NULL),
('02015056141', '16.57', '3.05', '7.31', '18', '0.00', '2016-01-16 02:46:33', NULL, NULL, NULL),
('02015056131', '16.03', '6.75', '0.00', '18', '0.00', '2016-01-16 02:46:33', NULL, NULL, NULL),
('02015056141', '16.56', '3.03', '7.29', '18', '0.00', '2016-01-16 02:51:32', NULL, NULL, NULL),
('02014051757', '16.53', '3.12', '0.00', '0', '0.00', '2016-01-16 02:51:32', NULL, NULL, NULL),
('02014051674', '16.58', '3.03', '0.00', '0', '0.00', '2016-01-16 02:51:32', NULL, NULL, NULL),
('02015056131', '16.04', '6.77', '0.00', '18', '0.00', '2016-01-16 02:51:33', NULL, NULL, NULL),
('02014051811', '16.09', '6.87', '0.00', '0', '0.00', '2016-01-16 02:51:34', NULL, NULL, NULL),
('02015056121', '16.60', '3.25', '0.00', '0', '0.00', '2016-01-16 02:51:34', NULL, NULL, NULL),
('02014056028', '16.43', '7.14', '0.00', '0', '0.00', '2016-01-16 02:51:34', NULL, NULL, NULL),
('02014051811', '16.08', '6.90', '0.00', '0', '0.00', '2016-01-16 02:56:32', NULL, NULL, NULL),
('02015056131', '16.04', '6.79', '0.00', '18', '0.00', '2016-01-16 02:56:32', NULL, NULL, NULL),
('02014056028', '16.42', '7.14', '0.00', '0', '0.00', '2016-01-16 02:56:32', NULL, NULL, NULL),
('02015056121', '16.60', '3.24', '0.00', '0', '0.00', '2016-01-16 02:56:33', NULL, NULL, NULL),
('02014051757', '16.54', '3.14', '0.00', '0', '0.00', '2016-01-16 02:56:33', NULL, NULL, NULL),
('02015056141', '16.57', '3.03', '7.31', '18', '0.00', '2016-01-16 02:56:33', NULL, NULL, NULL),
('02014051674', '16.58', '3.03', '0.00', '0', '0.00', '2016-01-16 02:56:34', NULL, NULL, NULL),
('02014051811', '16.09', '6.89', '0.00', '0', '0.00', '2016-01-16 03:01:32', NULL, NULL, NULL),
('02015056141', '16.56', '3.01', '7.31', '18', '0.00', '2016-01-16 03:01:32', NULL, NULL, NULL),
('02015056131', '16.03', '6.84', '0.00', '18', '0.00', '2016-01-16 03:01:32', NULL, NULL, NULL),
('02014051674', '16.58', '3.00', '0.00', '0', '0.00', '2016-01-16 03:01:33', NULL, NULL, NULL),
('02014056028', '16.43', '7.14', '0.00', '0', '0.00', '2016-01-16 03:01:33', NULL, NULL, NULL),
('02014051757', '16.54', '3.15', '0.00', '0', '0.00', '2016-01-16 03:01:33', NULL, NULL, NULL),
('02015056121', '16.60', '3.22', '0.00', '0', '0.00', '2016-01-16 03:01:34', NULL, NULL, NULL),
('02014051811', '16.10', '6.91', '0.00', '0', '0.00', '2016-01-16 03:06:32', NULL, NULL, NULL),
('02015056131', '16.03', '6.86', '0.00', '18', '0.00', '2016-01-16 03:06:32', NULL, NULL, NULL),
('02015056141', '16.56', '2.98', '7.31', '18', '0.00', '2016-01-16 03:06:33', NULL, NULL, NULL),
('02014056028', '16.42', '7.19', '0.00', '0', '0.00', '2016-01-16 03:06:33', NULL, NULL, NULL),
('02015056121', '16.60', '3.22', '0.00', '0', '0.00', '2016-01-16 03:06:33', NULL, NULL, NULL),
('02014051757', '16.54', '3.12', '0.00', '0', '0.00', '2016-01-16 03:06:33', NULL, NULL, NULL),
('02014051674', '16.58', '3.00', '0.00', '0', '0.00', '2016-01-16 03:06:33', NULL, NULL, NULL),
('02015056131', '16.03', '6.88', '0.00', '18', '0.00', '2016-01-16 03:11:33', NULL, NULL, NULL),
('02014051811', '16.10', '6.87', '0.00', '0', '0.00', '2016-01-16 03:11:33', NULL, NULL, NULL),
('02014056028', '16.42', '7.20', '0.00', '0', '0.00', '2016-01-16 03:11:33', NULL, NULL, NULL),
('02014051757', '16.56', '3.08', '0.00', '0', '0.00', '2016-01-16 03:11:33', NULL, NULL, NULL),
('02015056121', '16.61', '3.18', '0.00', '0', '0.00', '2016-01-16 03:11:33', NULL, NULL, NULL),
('02015056141', '16.54', '2.96', '7.31', '18', '0.00', '2016-01-16 03:11:34', NULL, NULL, NULL),
('02014051674', '16.57', '2.99', '0.00', '0', '0.00', '2016-01-16 03:11:34', NULL, NULL, NULL),
('02014051757', '16.54', '3.07', '0.00', '0', '0.00', '2016-01-16 03:16:33', NULL, NULL, NULL),
('02015056141', '16.56', '2.96', '7.31', '18', '0.00', '2016-01-16 03:16:33', NULL, NULL, NULL),
('02015056131', '16.03', '6.90', '0.00', '18', '0.00', '2016-01-16 03:16:33', NULL, NULL, NULL),
('02014051811', '16.10', '6.86', '0.00', '0', '0.00', '2016-01-16 03:16:33', NULL, NULL, NULL),
('02014056028', '16.42', '7.15', '0.00', '0', '0.00', '2016-01-16 03:16:33', NULL, NULL, NULL),
('02014051674', '16.58', '2.95', '0.00', '0', '0.00', '2016-01-16 03:16:33', NULL, NULL, NULL),
('02015056121', '16.60', '3.15', '0.00', '0', '0.00', '2016-01-16 03:16:33', NULL, NULL, NULL),
('02014051674', '16.58', '2.93', '0.00', '0', '0.00', '2016-01-16 03:21:33', NULL, NULL, NULL),
('02015056141', '16.56', '2.93', '7.31', '18', '0.00', '2016-01-16 03:21:33', NULL, NULL, NULL),
('02014051811', '16.08', '6.97', '0.00', '0', '0.00', '2016-01-16 03:21:33', NULL, NULL, NULL),
('02014056028', '16.44', '7.18', '0.00', '0', '0.00', '2016-01-16 03:21:33', NULL, NULL, NULL),
('02014051757', '16.54', '3.04', '0.00', '0', '0.00', '2016-01-16 03:21:33', NULL, NULL, NULL),
('02015056121', '16.59', '3.17', '0.00', '0', '0.00', '2016-01-16 03:21:34', NULL, NULL, NULL),
('02015056141', '16.54', '2.89', '7.31', '18', '0.00', '2016-01-16 03:26:33', NULL, NULL, NULL),
('02014051811', '16.07', '7.04', '0.00', '0', '0.00', '2016-01-16 03:26:33', NULL, NULL, NULL),
('02014056028', '16.42', '7.15', '0.00', '0', '0.00', '2016-01-16 03:26:34', NULL, NULL, NULL),
('02014051674', '16.57', '2.94', '0.00', '0', '0.00', '2016-01-16 03:26:34', NULL, NULL, NULL),
('02015056131', '16.02', '6.85', '0.00', '18', '0.00', '2016-01-16 03:26:34', NULL, NULL, NULL),
('02015056121', '16.59', '3.13', '0.00', '0', '0.00', '2016-01-16 03:26:34', NULL, NULL, NULL),
('02014051757', '16.54', '3.04', '0.00', '0', '0.00', '2016-01-16 03:26:35', NULL, NULL, NULL),
('02015056121', '16.60', '3.14', '0.00', '0', '0.00', '2016-01-16 03:31:32', NULL, NULL, NULL),
('02015056141', '16.54', '2.94', '7.31', '18', '0.00', '2016-01-16 03:31:33', NULL, NULL, NULL),
('02014051674', '16.57', '2.91', '0.00', '0', '0.00', '2016-01-16 03:31:33', NULL, NULL, NULL),
('02014051757', '16.54', '3.04', '0.00', '0', '0.00', '2016-01-16 03:31:33', NULL, NULL, NULL),
('02015056131', '16.02', '6.83', '0.00', '18', '0.00', '2016-01-16 03:31:33', NULL, NULL, NULL),
('02014056028', '16.42', '7.14', '0.00', '0', '0.00', '2016-01-16 03:31:34', NULL, NULL, NULL),
('02014051811', '16.07', '7.04', '0.00', '0', '0.00', '2016-01-16 03:31:34', NULL, NULL, NULL);
INSERT INTO `ap_device_online_t` (`imsi`, `waterTemp`, `dissolvedOxygen`, `phValue`, `electrical`, `anDan`, `timestamp`, `workingVoltage`, `operatingTemp`, `chargingVoltage`) VALUES
('02014051674', '16.57', '2.91', '0.00', '0', '0.00', '2016-01-16 03:36:32', NULL, NULL, NULL),
('02015056131', '16.02', '6.87', '0.00', '18', '0.00', '2016-01-16 03:36:33', NULL, NULL, NULL),
('02015056141', '16.56', '2.92', '7.31', '18', '0.00', '2016-01-16 03:36:33', NULL, NULL, NULL),
('02014051811', '16.06', '7.02', '0.00', '0', '0.00', '2016-01-16 03:36:33', NULL, NULL, NULL),
('02015056121', '16.60', '3.13', '0.00', '0', '0.00', '2016-01-16 03:36:33', NULL, NULL, NULL),
('02014056028', '16.42', '7.16', '0.00', '0', '0.00', '2016-01-16 03:36:34', NULL, NULL, NULL),
('02014051757', '16.54', '3.04', '0.00', '0', '0.00', '2016-01-16 03:36:34', NULL, NULL, NULL),
('02015056141', '16.56', '2.92', '7.31', '18', '0.00', '2016-01-16 03:41:32', NULL, NULL, NULL),
('02014051674', '16.56', '2.89', '0.00', '0', '0.00', '2016-01-16 03:41:32', NULL, NULL, NULL),
('02014056028', '16.41', '7.14', '0.00', '0', '0.00', '2016-01-16 03:41:33', NULL, NULL, NULL),
('02014051811', '16.04', '7.04', '0.00', '0', '0.00', '2016-01-16 03:41:33', NULL, NULL, NULL),
('02014051757', '16.54', '3.02', '0.00', '0', '0.00', '2016-01-16 03:41:34', NULL, NULL, NULL),
('02015056121', '16.59', '3.11', '0.00', '0', '0.00', '2016-01-16 03:41:34', NULL, NULL, NULL),
('02015056131', '16.01', '6.88', '0.00', '18', '0.00', '2016-01-16 03:41:34', NULL, NULL, NULL),
('02015056141', '16.54', '2.90', '7.31', '18', '0.00', '2016-01-16 03:46:32', NULL, NULL, NULL),
('02015056121', '16.59', '3.13', '0.00', '0', '0.00', '2016-01-16 03:46:32', NULL, NULL, NULL),
('02015056131', '16.02', '6.89', '0.00', '18', '0.00', '2016-01-16 03:46:33', NULL, NULL, NULL),
('02014051757', '16.54', '2.99', '0.00', '0', '0.00', '2016-01-16 03:46:33', NULL, NULL, NULL),
('02014056028', '16.40', '7.13', '0.00', '0', '0.00', '2016-01-16 03:46:33', NULL, NULL, NULL),
('02014051811', '16.07', '6.97', '0.00', '0', '0.00', '2016-01-16 03:46:33', NULL, NULL, NULL),
('02014051674', '16.56', '2.90', '0.00', '0', '0.00', '2016-01-16 03:46:34', NULL, NULL, NULL),
('02015056121', '16.59', '3.13', '0.00', '0', '0.00', '2016-01-16 03:51:32', NULL, NULL, NULL),
('02015056141', '16.54', '2.90', '7.31', '18', '0.00', '2016-01-16 03:51:32', NULL, NULL, NULL),
('02014051674', '16.58', '2.87', '0.00', '0', '0.00', '2016-01-16 03:51:32', NULL, NULL, NULL),
('02015056131', '16.02', '6.79', '0.00', '18', '0.00', '2016-01-16 03:51:33', NULL, NULL, NULL),
('02014051811', '16.06', '6.95', '0.00', '0', '0.00', '2016-01-16 03:51:33', NULL, NULL, NULL),
('02014056028', '16.40', '7.12', '0.00', '0', '0.00', '2016-01-16 03:51:33', NULL, NULL, NULL),
('02014051757', '16.54', '3.00', '0.00', '0', '0.00', '2016-01-16 03:51:33', NULL, NULL, NULL),
('02015056121', '16.59', '3.13', '0.00', '0', '0.00', '2016-01-16 03:56:32', NULL, NULL, NULL),
('02015056141', '16.56', '2.90', '7.31', '18', '0.00', '2016-01-16 03:56:32', NULL, NULL, NULL),
('02014051674', '16.58', '2.84', '0.00', '0', '0.00', '2016-01-16 03:56:33', NULL, NULL, NULL),
('02014051811', '16.04', '6.98', '0.00', '0', '0.00', '2016-01-16 03:56:33', NULL, NULL, NULL),
('02015056131', '16.00', '6.75', '0.00', '18', '0.00', '2016-01-16 03:56:34', NULL, NULL, NULL),
('02014051757', '16.54', '2.98', '0.00', '0', '0.00', '2016-01-16 03:56:34', NULL, NULL, NULL),
('02014056028', '16.40', '7.12', '0.00', '0', '0.00', '2016-01-16 03:56:34', NULL, NULL, NULL),
('02015056131', '16.01', '6.89', '0.00', '18', '0.00', '2016-01-16 04:01:32', NULL, NULL, NULL),
('02015056141', '16.56', '2.89', '7.31', '18', '0.00', '2016-01-16 04:01:32', NULL, NULL, NULL),
('02014051674', '16.57', '2.86', '0.00', '0', '0.00', '2016-01-16 04:01:33', NULL, NULL, NULL),
('02014051757', '16.54', '2.99', '0.00', '0', '0.00', '2016-01-16 04:01:33', NULL, NULL, NULL),
('02014051811', '16.04', '6.98', '0.00', '0', '0.00', '2016-01-16 04:01:33', NULL, NULL, NULL),
('02015056121', '16.60', '3.09', '0.00', '0', '0.00', '2016-01-16 04:01:33', NULL, NULL, NULL),
('02014056028', '16.40', '7.19', '0.00', '0', '0.00', '2016-01-16 04:01:33', NULL, NULL, NULL),
('02015056131', '16.02', '6.97', '0.00', '18', '0.00', '2016-01-16 04:06:32', NULL, NULL, NULL),
('02014051811', '16.04', '6.95', '0.00', '0', '0.00', '2016-01-16 04:06:32', NULL, NULL, NULL),
('02014051757', '16.54', '2.98', '0.00', '0', '0.00', '2016-01-16 04:06:33', NULL, NULL, NULL),
('02014056028', '16.39', '7.14', '0.00', '0', '0.00', '2016-01-16 04:06:33', NULL, NULL, NULL),
('02015056141', '16.56', '2.87', '7.31', '18', '0.00', '2016-01-16 04:06:33', NULL, NULL, NULL),
('02015056121', '16.58', '3.08', '0.00', '0', '0.00', '2016-01-16 04:06:33', NULL, NULL, NULL),
('02015056131', '16.01', '6.96', '0.00', '18', '0.00', '2016-01-16 04:11:32', NULL, NULL, NULL),
('02014051811', '16.04', '6.99', '0.00', '0', '0.00', '2016-01-16 04:11:32', NULL, NULL, NULL),
('02014056028', '16.40', '7.17', '0.00', '0', '0.00', '2016-01-16 04:11:32', NULL, NULL, NULL),
('02014051757', '16.54', '2.97', '0.00', '0', '0.00', '2016-01-16 04:11:32', NULL, NULL, NULL),
('02015056121', '16.57', '3.07', '0.00', '0', '0.00', '2016-01-16 04:11:33', NULL, NULL, NULL),
('02015056141', '16.54', '2.86', '7.31', '18', '0.00', '2016-01-16 04:11:33', NULL, NULL, NULL),
('02014051674', '16.57', '2.88', '0.00', '0', '0.00', '2016-01-16 04:11:33', NULL, NULL, NULL),
('02015056131', '16.01', '6.98', '0.00', '18', '0.00', '2016-01-16 04:16:32', NULL, NULL, NULL),
('02014056028', '16.39', '7.14', '0.00', '0', '0.00', '2016-01-16 04:16:32', NULL, NULL, NULL),
('02014051811', '16.04', '6.98', '0.00', '0', '0.00', '2016-01-16 04:16:32', NULL, NULL, NULL),
('02015056121', '16.58', '3.07', '0.00', '0', '0.00', '2016-01-16 04:16:33', NULL, NULL, NULL),
('02015056141', '16.53', '2.85', '7.30', '18', '0.00', '2016-01-16 04:16:33', NULL, NULL, NULL),
('02014051674', '16.57', '2.86', '0.00', '0', '0.00', '2016-01-16 04:16:33', NULL, NULL, NULL),
('02014051757', '16.54', '2.96', '0.00', '0', '0.00', '2016-01-16 04:16:33', NULL, NULL, NULL),
('02015056131', '16.01', '6.95', '0.00', '18', '0.00', '2016-01-16 04:21:32', NULL, NULL, NULL),
('02014051811', '16.03', '6.94', '0.00', '0', '0.00', '2016-01-16 04:21:33', NULL, NULL, NULL),
('02015056141', '16.54', '2.83', '7.30', '18', '0.00', '2016-01-16 04:21:33', NULL, NULL, NULL),
('02014051757', '16.54', '2.93', '0.00', '0', '0.00', '2016-01-16 04:21:33', NULL, NULL, NULL),
('02014051674', '16.58', '2.82', '0.00', '0', '0.00', '2016-01-16 04:21:33', NULL, NULL, NULL),
('02014056028', '16.39', '7.12', '0.00', '0', '0.00', '2016-01-16 04:21:33', NULL, NULL, NULL),
('02015056121', '16.58', '3.05', '0.00', '0', '0.00', '2016-01-16 04:21:33', NULL, NULL, NULL),
('02015056131', '16.00', '6.93', '0.00', '18', '0.00', '2016-01-16 04:26:33', NULL, NULL, NULL),
('02014051811', '16.04', '6.91', '0.00', '0', '0.00', '2016-01-16 04:26:33', NULL, NULL, NULL),
('02015056121', '16.58', '3.03', '0.00', '0', '0.00', '2016-01-16 04:26:33', NULL, NULL, NULL),
('02015056141', '16.54', '2.80', '7.31', '18', '0.00', '2016-01-16 04:26:33', NULL, NULL, NULL),
('02014056028', '16.39', '7.15', '0.00', '0', '0.00', '2016-01-16 04:26:33', NULL, NULL, NULL),
('02014051674', '16.57', '2.81', '0.00', '0', '0.00', '2016-01-16 04:26:33', NULL, NULL, NULL),
('02014051757', '16.54', '2.93', '0.00', '0', '0.00', '2016-01-16 04:26:33', NULL, NULL, NULL),
('02015056141', '16.54', '2.78', '7.31', '18', '0.00', '2016-01-16 04:31:32', NULL, NULL, NULL),
('02014051674', '16.57', '2.78', '0.00', '0', '0.00', '2016-01-16 04:31:32', NULL, NULL, NULL),
('02015056131', '16.01', '6.97', '0.00', '18', '0.00', '2016-01-16 04:31:33', NULL, NULL, NULL),
('02014051811', '16.04', '6.94', '0.00', '0', '0.00', '2016-01-16 04:31:33', NULL, NULL, NULL),
('02014051757', '16.54', '2.90', '0.00', '0', '0.00', '2016-01-16 04:31:33', NULL, NULL, NULL),
('02014056028', '16.37', '7.17', '0.00', '0', '0.00', '2016-01-16 04:31:34', NULL, NULL, NULL),
('02015056121', '16.60', '3.03', '0.00', '0', '0.00', '2016-01-16 04:31:34', NULL, NULL, NULL),
('02015056141', '16.54', '2.75', '7.31', '18', '0.00', '2016-01-16 04:36:32', NULL, NULL, NULL),
('02014051674', '16.54', '2.75', '0.00', '0', '0.00', '2016-01-16 04:36:32', NULL, NULL, NULL),
('02015056131', '16.00', '6.89', '0.00', '18', '0.00', '2016-01-16 04:36:33', NULL, NULL, NULL),
('02014056028', '16.39', '7.10', '0.00', '0', '0.00', '2016-01-16 04:36:34', NULL, NULL, NULL),
('02015056121', '16.58', '3.04', '0.00', '0', '0.00', '2016-01-16 04:36:34', NULL, NULL, NULL),
('02014051757', '16.54', '2.89', '0.00', '0', '0.00', '2016-01-16 04:36:34', NULL, NULL, NULL),
('02015056121', '16.58', '3.02', '0.00', '0', '0.00', '2016-01-16 04:41:32', NULL, NULL, NULL),
('02015056141', '16.54', '2.75', '7.31', '18', '0.00', '2016-01-16 04:41:32', NULL, NULL, NULL),
('02014051674', '16.54', '2.75', '0.00', '0', '0.00', '2016-01-16 04:41:32', NULL, NULL, NULL),
('02015056131', '15.98', '6.92', '0.00', '18', '0.00', '2016-01-16 04:41:33', NULL, NULL, NULL),
('02014051811', '16.02', '7.00', '0.00', '0', '0.00', '2016-01-16 04:41:33', NULL, NULL, NULL),
('02014056028', '16.39', '7.10', '0.00', '0', '0.00', '2016-01-16 04:41:33', NULL, NULL, NULL),
('02014051757', '16.54', '2.87', '0.00', '0', '0.00', '2016-01-16 04:41:33', NULL, NULL, NULL),
('02015056141', '16.56', '2.77', '7.30', '18', '0.00', '2016-01-16 04:46:32', NULL, NULL, NULL),
('02014051674', '16.56', '2.74', '0.00', '0', '0.00', '2016-01-16 04:46:33', NULL, NULL, NULL),
('02015056121', '16.58', '3.02', '0.00', '0', '0.00', '2016-01-16 04:46:33', NULL, NULL, NULL),
('02015056131', '15.98', '6.99', '0.00', '18', '0.00', '2016-01-16 04:46:33', NULL, NULL, NULL),
('02014051811', '16.02', '6.98', '0.00', '0', '0.00', '2016-01-16 04:46:33', NULL, NULL, NULL),
('02014056028', '16.37', '7.08', '0.00', '0', '0.00', '2016-01-16 04:46:33', NULL, NULL, NULL),
('02014051757', '16.53', '2.88', '0.00', '0', '0.00', '2016-01-16 04:46:33', NULL, NULL, NULL),
('02014051757', '16.53', '2.86', '0.00', '0', '0.00', '2016-01-16 04:51:32', NULL, NULL, NULL),
('02015056121', '16.57', '3.00', '0.00', '0', '0.00', '2016-01-16 04:51:32', NULL, NULL, NULL),
('02015056141', '16.56', '2.76', '7.31', '18', '0.00', '2016-01-16 04:51:32', NULL, NULL, NULL),
('02014051674', '16.54', '2.76', '0.00', '0', '0.00', '2016-01-16 04:51:33', NULL, NULL, NULL),
('02015056131', '15.99', '6.97', '0.00', '18', '0.00', '2016-01-16 04:51:33', NULL, NULL, NULL),
('02014051811', '16.02', '6.97', '0.00', '0', '0.00', '2016-01-16 04:51:33', NULL, NULL, NULL),
('02014056028', '16.37', '7.07', '0.00', '0', '0.00', '2016-01-16 04:51:33', NULL, NULL, NULL),
('02014051811', '16.01', '6.94', '0.00', '0', '0.00', '2016-01-16 04:56:32', NULL, NULL, NULL),
('02014051757', '16.52', '2.85', '0.00', '0', '0.00', '2016-01-16 04:56:32', NULL, NULL, NULL),
('02015056131', '15.98', '6.95', '0.00', '18', '0.00', '2016-01-16 04:56:32', NULL, NULL, NULL),
('02015056121', '16.57', '3.00', '0.00', '0', '0.00', '2016-01-16 04:56:32', NULL, NULL, NULL),
('02014056028', '16.37', '7.12', '0.00', '0', '0.00', '2016-01-16 04:56:33', NULL, NULL, NULL),
('02015056141', '16.54', '2.75', '7.30', '18', '0.00', '2016-01-16 04:56:33', NULL, NULL, NULL),
('02014051674', '16.56', '2.79', '0.00', '0', '0.00', '2016-01-16 04:56:34', NULL, NULL, NULL),
('02014051811', '16.02', '6.96', '0.00', '0', '0.00', '2016-01-16 05:01:32', NULL, NULL, NULL),
('02015056131', '15.97', '7.00', '0.00', '18', '0.00', '2016-01-16 05:01:32', NULL, NULL, NULL),
('02014056028', '16.37', '7.13', '0.00', '0', '0.00', '2016-01-16 05:01:33', NULL, NULL, NULL),
('02014051674', '16.54', '2.76', '0.00', '0', '0.00', '2016-01-16 05:01:33', NULL, NULL, NULL),
('02015056141', '16.53', '2.73', '7.30', '18', '0.00', '2016-01-16 05:01:33', NULL, NULL, NULL),
('02015056121', '16.58', '2.98', '0.00', '0', '0.00', '2016-01-16 05:01:33', NULL, NULL, NULL),
('02014051757', '16.52', '2.84', '0.00', '0', '0.00', '2016-01-16 05:01:33', NULL, NULL, NULL),
('02015056131', '15.98', '6.99', '0.00', '18', '0.00', '2016-01-16 05:06:32', NULL, NULL, NULL),
('02014056028', '16.37', '7.13', '0.00', '0', '0.00', '2016-01-16 05:06:32', NULL, NULL, NULL),
('02015056141', '16.54', '2.71', '7.30', '18', '0.00', '2016-01-16 05:06:33', NULL, NULL, NULL),
('02014051674', '16.54', '2.72', '0.00', '0', '0.00', '2016-01-16 05:06:33', NULL, NULL, NULL),
('02014051811', '16.01', '6.92', '0.00', '0', '0.00', '2016-01-16 05:06:33', NULL, NULL, NULL),
('02015056121', '16.57', '2.97', '0.00', '0', '0.00', '2016-01-16 05:06:33', NULL, NULL, NULL),
('02014051757', '16.53', '2.82', '0.00', '0', '0.00', '2016-01-16 05:06:34', NULL, NULL, NULL),
('02015056141', '16.54', '2.71', '7.31', '18', '0.00', '2016-01-16 05:11:33', NULL, NULL, NULL),
('02015056131', '15.98', '6.99', '0.00', '18', '0.00', '2016-01-16 05:11:33', NULL, NULL, NULL),
('02014051811', '16.01', '6.94', '0.00', '0', '0.00', '2016-01-16 05:11:33', NULL, NULL, NULL),
('02014051674', '16.53', '2.72', '0.00', '0', '0.00', '2016-01-16 05:11:33', NULL, NULL, NULL),
('02015056121', '16.56', '2.98', '0.00', '0', '0.00', '2016-01-16 05:11:33', NULL, NULL, NULL),
('02014056028', '16.36', '7.13', '0.00', '0', '0.00', '2016-01-16 05:11:33', NULL, NULL, NULL),
('02014051757', '16.53', '2.81', '0.00', '0', '0.00', '2016-01-16 05:11:33', NULL, NULL, NULL),
('02014051674', '16.54', '2.72', '0.00', '0', '0.00', '2016-01-16 05:16:33', NULL, NULL, NULL),
('02015056141', '16.54', '2.70', '7.30', '18', '0.00', '2016-01-16 05:16:33', NULL, NULL, NULL),
('02014056028', '16.36', '7.10', '0.00', '0', '0.00', '2016-01-16 05:16:33', NULL, NULL, NULL),
('02014051757', '16.52', '2.79', '0.00', '0', '0.00', '2016-01-16 05:16:34', NULL, NULL, NULL),
('02015056131', '15.98', '6.99', '0.00', '18', '0.00', '2016-01-16 05:16:35', NULL, NULL, NULL),
('02014051811', '16.01', '6.97', '0.00', '0', '0.00', '2016-01-16 05:16:35', NULL, NULL, NULL),
('02015056121', '16.54', '2.97', '0.00', '0', '0.00', '2016-01-16 05:16:35', NULL, NULL, NULL),
('02015056131', '15.95', '6.99', '0.00', '18', '0.00', '2016-01-16 05:21:33', NULL, NULL, NULL),
('02014051811', '16.00', '6.95', '0.00', '0', '0.00', '2016-01-16 05:21:33', NULL, NULL, NULL),
('02014051757', '16.53', '2.79', '0.00', '0', '0.00', '2016-01-16 05:21:33', NULL, NULL, NULL),
('02014056028', '16.36', '7.10', '0.00', '0', '0.00', '2016-01-16 05:21:33', NULL, NULL, NULL),
('02015056121', '16.56', '2.95', '0.00', '0', '0.00', '2016-01-16 05:21:33', NULL, NULL, NULL),
('02014051674', '16.54', '2.70', '0.00', '0', '0.00', '2016-01-16 05:21:34', NULL, NULL, NULL),
('02015056141', '16.53', '2.69', '7.30', '18', '0.00', '2016-01-16 05:21:34', NULL, NULL, NULL),
('02015056141', '16.54', '2.66', '7.30', '18', '0.00', '2016-01-16 05:26:32', NULL, NULL, NULL),
('02014051674', '16.54', '2.73', '0.00', '0', '0.00', '2016-01-16 05:26:32', NULL, NULL, NULL),
('02014051811', '16.00', '6.94', '0.00', '0', '0.00', '2016-01-16 05:26:33', NULL, NULL, NULL),
('02015056131', '15.96', '6.99', '0.00', '18', '0.00', '2016-01-16 05:26:33', NULL, NULL, NULL),
('02014051757', '16.54', '2.77', '0.00', '0', '0.00', '2016-01-16 05:26:33', NULL, NULL, NULL),
('02014056028', '16.37', '7.19', '0.00', '0', '0.00', '2016-01-16 05:26:33', NULL, NULL, NULL),
('02015056121', '16.56', '2.94', '0.00', '0', '0.00', '2016-01-16 05:26:34', NULL, NULL, NULL),
('02015056141', '16.53', '2.66', '7.30', '18', '0.00', '2016-01-16 05:31:33', NULL, NULL, NULL),
('02014051674', '16.53', '2.70', '0.00', '0', '0.00', '2016-01-16 05:31:33', NULL, NULL, NULL),
('02015056121', '16.56', '2.93', '0.00', '0', '0.00', '2016-01-16 05:31:33', NULL, NULL, NULL),
('02014051811', '16.00', '6.96', '0.00', '0', '0.00', '2016-01-16 05:31:33', NULL, NULL, NULL),
('02014056028', '16.36', '7.23', '0.00', '0', '0.00', '2016-01-16 05:31:33', NULL, NULL, NULL),
('02014051757', '16.53', '2.78', '0.00', '0', '0.00', '2016-01-16 05:31:35', NULL, NULL, NULL),
('02015056131', '15.95', '7.04', '0.00', '18', '0.00', '2016-01-16 05:31:35', NULL, NULL, NULL),
('02015056121', '16.54', '2.94', '0.00', '0', '0.00', '2016-01-16 05:36:32', NULL, NULL, NULL),
('02015056141', '16.52', '2.65', '7.30', '18', '0.00', '2016-01-16 05:36:32', NULL, NULL, NULL),
('02015056131', '15.95', '7.03', '0.00', '18', '0.00', '2016-01-16 05:36:33', NULL, NULL, NULL),
('02014051811', '16.00', '6.94', '0.00', '0', '0.00', '2016-01-16 05:36:33', NULL, NULL, NULL),
('02014056028', '16.36', '7.05', '0.00', '0', '0.00', '2016-01-16 05:36:33', NULL, NULL, NULL),
('02014051757', '16.52', '2.78', '0.00', '0', '0.00', '2016-01-16 05:36:33', NULL, NULL, NULL),
('02014051674', '16.54', '2.68', '0.00', '0', '0.00', '2016-01-16 05:36:34', NULL, NULL, NULL),
('02015056141', '16.53', '2.62', '7.30', '18', '0.00', '2016-01-16 05:41:33', NULL, NULL, NULL),
('02014051674', '16.53', '2.66', '0.00', '0', '0.00', '2016-01-16 05:41:33', NULL, NULL, NULL),
('02015056121', '16.54', '2.93', '0.00', '0', '0.00', '2016-01-16 05:41:33', NULL, NULL, NULL),
('02014056028', '16.35', '7.04', '0.00', '0', '0.00', '2016-01-16 05:41:34', NULL, NULL, NULL),
('02014051811', '16.00', '6.95', '0.00', '0', '0.00', '2016-01-16 05:41:35', NULL, NULL, NULL),
('02014051757', '16.52', '2.74', '0.00', '0', '0.00', '2016-01-16 05:41:35', NULL, NULL, NULL),
('02015056131', '15.96', '7.03', '0.00', '18', '0.00', '2016-01-16 05:41:35', NULL, NULL, NULL),
('02014056028', '16.36', '7.03', '0.00', '0', '0.00', '2016-01-16 05:46:32', NULL, NULL, NULL),
('02014051757', '16.52', '2.76', '0.00', '0', '0.00', '2016-01-16 05:46:32', NULL, NULL, NULL),
('02015056121', '16.54', '2.92', '0.00', '0', '0.00', '2016-01-16 05:46:33', NULL, NULL, NULL),
('02015056141', '16.53', '2.65', '7.30', '18', '0.00', '2016-01-16 05:46:33', NULL, NULL, NULL),
('02015056131', '15.95', '7.02', '0.00', '18', '0.00', '2016-01-16 05:46:33', NULL, NULL, NULL),
('02014051674', '16.53', '2.68', '0.00', '0', '0.00', '2016-01-16 05:46:34', NULL, NULL, NULL),
('02014051811', '16.00', '6.88', '0.00', '0', '0.00', '2016-01-16 05:46:34', NULL, NULL, NULL),
('02015056131', '15.95', '7.01', '0.00', '18', '0.00', '2016-01-16 05:51:32', NULL, NULL, NULL),
('02014056028', '16.36', '7.03', '0.00', '0', '0.00', '2016-01-16 05:51:32', NULL, NULL, NULL),
('02014051811', '16.00', '6.91', '0.00', '0', '0.00', '2016-01-16 05:51:32', NULL, NULL, NULL),
('02014051674', '16.53', '2.67', '0.00', '0', '0.00', '2016-01-16 05:51:32', NULL, NULL, NULL),
('02014051757', '16.51', '2.72', '0.00', '0', '0.00', '2016-01-16 05:51:32', NULL, NULL, NULL),
('02015056121', '16.54', '2.92', '0.00', '0', '0.00', '2016-01-16 05:51:33', NULL, NULL, NULL),
('02015056141', '16.52', '2.62', '7.30', '18', '0.00', '2016-01-16 05:51:33', NULL, NULL, NULL),
('02015056131', '15.95', '7.02', '0.00', '18', '0.00', '2016-01-16 05:56:32', NULL, NULL, NULL),
('02014051811', '15.99', '6.89', '0.00', '0', '0.00', '2016-01-16 05:56:32', NULL, NULL, NULL),
('02014056028', '16.36', '7.04', '0.00', '0', '0.00', '2016-01-16 05:56:32', NULL, NULL, NULL),
('02014051757', '16.51', '2.72', '0.00', '0', '0.00', '2016-01-16 05:56:32', NULL, NULL, NULL),
('02015056141', '16.52', '2.61', '7.30', '18', '0.00', '2016-01-16 05:56:33', NULL, NULL, NULL),
('02015056121', '16.54', '2.88', '0.00', '0', '0.00', '2016-01-16 05:56:33', NULL, NULL, NULL),
('02014051674', '16.52', '2.66', '0.00', '0', '0.00', '2016-01-16 05:56:33', NULL, NULL, NULL),
('02015056141', '16.53', '2.62', '7.30', '18', '0.00', '2016-01-16 06:01:32', NULL, NULL, NULL),
('02014051674', '16.52', '2.67', '0.00', '0', '0.00', '2016-01-16 06:01:33', NULL, NULL, NULL),
('02015056131', '15.95', '7.00', '0.00', '18', '0.00', '2016-01-16 06:01:33', NULL, NULL, NULL),
('02014051757', '16.51', '2.74', '0.00', '0', '0.00', '2016-01-16 06:01:33', NULL, NULL, NULL),
('02014056028', '16.36', '7.06', '0.00', '0', '0.00', '2016-01-16 06:01:33', NULL, NULL, NULL),
('02014051811', '16.00', '6.87', '0.00', '0', '0.00', '2016-01-16 06:01:33', NULL, NULL, NULL),
('02015056121', '16.54', '2.90', '0.00', '0', '0.00', '2016-01-16 06:01:35', NULL, NULL, NULL),
('02015056131', '15.95', '7.02', '0.00', '18', '0.00', '2016-01-16 06:06:32', NULL, NULL, NULL),
('02015056141', '16.52', '2.60', '7.30', '18', '0.00', '2016-01-16 06:06:32', NULL, NULL, NULL),
('02014051757', '16.51', '2.71', '0.00', '0', '0.00', '2016-01-16 06:06:33', NULL, NULL, NULL),
('02014051811', '15.99', '6.85', '0.00', '0', '0.00', '2016-01-16 06:06:33', NULL, NULL, NULL),
('02014051674', '16.53', '2.67', '0.00', '0', '0.00', '2016-01-16 06:06:33', NULL, NULL, NULL),
('02014056028', '16.36', '7.06', '0.00', '0', '0.00', '2016-01-16 06:06:33', NULL, NULL, NULL),
('02015056121', '16.53', '2.88', '0.00', '0', '0.00', '2016-01-16 06:06:33', NULL, NULL, NULL),
('02015056141', '16.54', '2.60', '7.30', '18', '0.00', '2016-01-16 06:11:33', NULL, NULL, NULL),
('02014051757', '16.51', '2.71', '0.00', '0', '0.00', '2016-01-16 06:11:34', NULL, NULL, NULL),
('02014056028', '16.35', '7.08', '0.00', '0', '0.00', '2016-01-16 06:11:34', NULL, NULL, NULL),
('02015056131', '15.94', '6.98', '0.00', '18', '0.00', '2016-01-16 06:11:34', NULL, NULL, NULL),
('02015056121', '16.54', '2.85', '0.00', '0', '0.00', '2016-01-16 06:11:34', NULL, NULL, NULL),
('02014051811', '15.99', '6.86', '0.00', '0', '0.00', '2016-01-16 06:11:34', NULL, NULL, NULL),
('02015056131', '15.94', '6.99', '0.00', '18', '0.00', '2016-01-16 06:16:33', NULL, NULL, NULL),
('02015056141', '16.53', '2.58', '7.30', '18', '0.00', '2016-01-16 06:16:33', NULL, NULL, NULL),
('02014051811', '15.98', '6.86', '0.00', '0', '0.00', '2016-01-16 06:16:33', NULL, NULL, NULL),
('02014056028', '16.34', '7.09', '0.00', '0', '0.00', '2016-01-16 06:16:33', NULL, NULL, NULL),
('02015056121', '16.54', '2.86', '0.00', '0', '0.00', '2016-01-16 06:16:33', NULL, NULL, NULL),
('02014051674', '16.51', '2.59', '0.00', '0', '0.00', '2016-01-16 06:16:34', NULL, NULL, NULL),
('02014051757', '16.51', '2.69', '0.00', '0', '0.00', '2016-01-16 06:16:34', NULL, NULL, NULL),
('02015056131', '15.94', '6.99', '0.00', '18', '0.00', '2016-01-16 06:21:33', NULL, NULL, NULL),
('02014056028', '16.35', '7.12', '0.00', '0', '0.00', '2016-01-16 06:21:33', NULL, NULL, NULL),
('02014051811', '15.98', '6.85', '0.00', '0', '0.00', '2016-01-16 06:21:33', NULL, NULL, NULL),
('02014051757', '16.51', '2.65', '0.00', '0', '0.00', '2016-01-16 06:21:33', NULL, NULL, NULL),
('02015056141', '16.52', '2.56', '7.30', '18', '0.00', '2016-01-16 06:21:33', NULL, NULL, NULL),
('02015056121', '16.54', '2.88', '0.00', '0', '0.00', '2016-01-16 06:21:33', NULL, NULL, NULL),
('02014051674', '16.51', '2.67', '0.00', '0', '0.00', '2016-01-16 06:21:33', NULL, NULL, NULL),
('02015056121', '16.54', '2.88', '0.00', '0', '0.00', '2016-01-16 06:26:32', NULL, NULL, NULL),
('02014051811', '15.97', '6.83', '0.00', '0', '0.00', '2016-01-16 06:26:33', NULL, NULL, NULL),
('02014051674', '16.50', '2.65', '0.00', '0', '0.00', '2016-01-16 06:26:33', NULL, NULL, NULL),
('02015056141', '16.52', '2.56', '7.30', '18', '0.00', '2016-01-16 06:26:33', NULL, NULL, NULL),
('02015056131', '15.94', '6.95', '0.00', '18', '0.00', '2016-01-16 06:26:33', NULL, NULL, NULL),
('02014051757', '16.51', '2.68', '0.00', '0', '0.00', '2016-01-16 06:26:33', NULL, NULL, NULL),
('02014056028', '16.34', '7.22', '0.00', '0', '0.00', '2016-01-16 06:26:33', NULL, NULL, NULL),
('02015056121', '16.53', '2.88', '0.00', '0', '0.00', '2016-01-16 06:31:32', NULL, NULL, NULL),
('02014056028', '16.36', '7.12', '0.00', '0', '0.00', '2016-01-16 06:31:33', NULL, NULL, NULL),
('02014051811', '15.98', '6.81', '0.00', '0', '0.00', '2016-01-16 06:31:33', NULL, NULL, NULL),
('02014051674', '16.50', '2.64', '0.00', '0', '0.00', '2016-01-16 06:31:33', NULL, NULL, NULL),
('02015056141', '16.51', '2.55', '7.30', '18', '0.00', '2016-01-16 06:31:33', NULL, NULL, NULL),
('02014051757', '16.51', '2.68', '0.00', '0', '0.00', '2016-01-16 06:31:33', NULL, NULL, NULL),
('02015056131', '15.93', '6.95', '0.00', '18', '0.00', '2016-01-16 06:31:34', NULL, NULL, NULL),
('02015056121', '16.53', '2.85', '0.00', '0', '0.00', '2016-01-16 06:36:32', NULL, NULL, NULL),
('02014051811', '15.98', '6.87', '0.00', '0', '0.00', '2016-01-16 06:36:33', NULL, NULL, NULL),
('02014056028', '16.36', '7.18', '0.00', '0', '0.00', '2016-01-16 06:36:34', NULL, NULL, NULL),
('02014051757', '16.50', '2.68', '0.00', '0', '0.00', '2016-01-16 06:36:34', NULL, NULL, NULL),
('02015056131', '15.94', '6.96', '0.00', '18', '0.00', '2016-01-16 06:36:34', NULL, NULL, NULL),
('02014051674', '16.49', '2.63', '0.00', '0', '0.00', '2016-01-16 06:36:36', NULL, NULL, NULL),
('02015056141', '16.51', '2.57', '7.30', '18', '0.00', '2016-01-16 06:36:36', NULL, NULL, NULL),
('02015056141', '16.50', '2.56', '7.30', '18', '0.00', '2016-01-16 06:41:32', NULL, NULL, NULL),
('02014051674', '16.49', '2.61', '0.00', '0', '0.00', '2016-01-16 06:41:32', NULL, NULL, NULL),
('02014051757', '16.50', '2.67', '0.00', '0', '0.00', '2016-01-16 06:41:33', NULL, NULL, NULL),
('02014051811', '15.98', '6.82', '0.00', '0', '0.00', '2016-01-16 06:41:33', NULL, NULL, NULL),
('02014056028', '16.35', '7.17', '0.00', '0', '0.00', '2016-01-16 06:41:33', NULL, NULL, NULL),
('02015056131', '15.93', '6.93', '0.00', '18', '0.00', '2016-01-16 06:41:33', NULL, NULL, NULL),
('02015056121', '16.53', '2.84', '0.00', '0', '0.00', '2016-01-16 06:41:33', NULL, NULL, NULL),
('02014051811', '15.97', '6.81', '0.00', '0', '0.00', '2016-01-16 06:46:32', NULL, NULL, NULL),
('02014056028', '16.34', '7.22', '0.00', '0', '0.00', '2016-01-16 06:46:32', NULL, NULL, NULL),
('02015056131', '15.92', '6.96', '0.00', '18', '0.00', '2016-01-16 06:46:32', NULL, NULL, NULL),
('02015056141', '16.51', '2.57', '7.29', '18', '0.00', '2016-01-16 06:46:32', NULL, NULL, NULL),
('02014051757', '16.50', '2.68', '0.00', '0', '0.00', '2016-01-16 06:46:32', NULL, NULL, NULL),
('02015056121', '16.53', '2.85', '0.00', '0', '0.00', '2016-01-16 06:46:33', NULL, NULL, NULL),
('02014051674', '16.50', '2.65', '0.00', '0', '0.00', '2016-01-16 06:46:33', NULL, NULL, NULL),
('02014051811', '15.98', '6.83', '0.00', '0', '0.00', '2016-01-16 06:51:32', NULL, NULL, NULL),
('02014051757', '16.50', '2.62', '0.00', '0', '0.00', '2016-01-16 06:51:32', NULL, NULL, NULL),
('02015056141', '16.50', '2.54', '7.29', '18', '0.00', '2016-01-16 06:51:32', NULL, NULL, NULL),
('02014056028', '16.33', '7.25', '0.00', '0', '0.00', '2016-01-16 06:51:32', NULL, NULL, NULL),
('02014051674', '16.48', '2.61', '0.00', '0', '0.00', '2016-01-16 06:51:33', NULL, NULL, NULL),
('02015056121', '16.52', '2.85', '0.00', '0', '0.00', '2016-01-16 06:51:33', NULL, NULL, NULL),
('02015056131', '15.94', '6.97', '0.00', '18', '0.00', '2016-01-16 06:51:33', NULL, NULL, NULL),
('02014051674', '16.48', '2.67', '0.00', '0', '0.00', '2016-01-16 06:56:32', NULL, NULL, NULL),
('02015056131', '15.92', '6.99', '0.00', '18', '0.00', '2016-01-16 06:56:32', NULL, NULL, NULL),
('02014056028', '16.33', '7.21', '0.00', '0', '0.00', '2016-01-16 06:56:33', NULL, NULL, NULL),
('02014051757', '16.50', '2.64', '0.00', '0', '0.00', '2016-01-16 06:56:33', NULL, NULL, NULL),
('02014051811', '15.97', '6.81', '0.00', '0', '0.00', '2016-01-16 06:56:33', NULL, NULL, NULL),
('02015056121', '16.54', '2.82', '0.00', '0', '0.00', '2016-01-16 06:56:34', NULL, NULL, NULL),
('02015056141', '16.49', '2.54', '7.30', '18', '0.00', '2016-01-16 07:01:32', NULL, NULL, NULL),
('02014051674', '16.49', '2.63', '0.00', '0', '0.00', '2016-01-16 07:01:33', NULL, NULL, NULL),
('02014056028', '16.34', '7.18', '0.00', '0', '0.00', '2016-01-16 07:01:33', NULL, NULL, NULL),
('02014051757', '16.49', '2.63', '0.00', '0', '0.00', '2016-01-16 07:01:33', NULL, NULL, NULL),
('02015056131', '15.92', '6.99', '0.00', '18', '0.00', '2016-01-16 07:01:33', NULL, NULL, NULL),
('02015056121', '16.53', '2.86', '0.00', '0', '0.00', '2016-01-16 07:01:33', NULL, NULL, NULL),
('02014051811', '15.98', '6.82', '0.00', '0', '0.00', '2016-01-16 07:01:33', NULL, NULL, NULL),
('02014051811', '15.97', '6.85', '0.00', '0', '0.00', '2016-01-16 07:06:32', NULL, NULL, NULL),
('02014051757', '16.49', '2.63', '0.00', '0', '0.00', '2016-01-16 07:06:32', NULL, NULL, NULL),
('02015056131', '15.91', '6.98', '0.00', '18', '0.00', '2016-01-16 07:06:32', NULL, NULL, NULL),
('02014056028', '16.34', '7.24', '0.00', '0', '0.00', '2016-01-16 07:06:32', NULL, NULL, NULL),
('02015056121', '16.54', '2.86', '0.00', '0', '0.00', '2016-01-16 07:06:33', NULL, NULL, NULL),
('02015056141', '16.49', '2.51', '7.29', '18', '0.00', '2016-01-16 07:06:33', NULL, NULL, NULL),
('02014051674', '16.48', '2.67', '0.00', '0', '0.00', '2016-01-16 07:06:33', NULL, NULL, NULL),
('02015056131', '15.92', '7.00', '0.00', '18', '0.00', '2016-01-16 07:11:32', NULL, NULL, NULL),
('02014051811', '15.96', '6.84', '0.00', '0', '0.00', '2016-01-16 07:11:32', NULL, NULL, NULL),
('02014051757', '16.48', '2.63', '0.00', '0', '0.00', '2016-01-16 07:11:32', NULL, NULL, NULL),
('02014056028', '16.34', '7.17', '0.00', '0', '0.00', '2016-01-16 07:11:32', NULL, NULL, NULL),
('02015056121', '16.52', '2.85', '0.00', '0', '0.00', '2016-01-16 07:11:33', NULL, NULL, NULL),
('02014051674', '16.48', '2.59', '0.00', '0', '0.00', '2016-01-16 07:11:33', NULL, NULL, NULL),
('02015056141', '16.50', '2.53', '7.29', '18', '0.00', '2016-01-16 07:11:33', NULL, NULL, NULL),
('02015056131', '15.92', '6.97', '0.00', '18', '0.00', '2016-01-16 07:16:32', NULL, NULL, NULL),
('02014056028', '16.33', '7.20', '0.00', '0', '0.00', '2016-01-16 07:16:33', NULL, NULL, NULL),
('02014051674', '16.48', '2.63', '0.00', '0', '0.00', '2016-01-16 07:16:33', NULL, NULL, NULL),
('02014051757', '16.48', '2.62', '0.00', '0', '0.00', '2016-01-16 07:16:33', NULL, NULL, NULL),
('02015056141', '16.48', '2.50', '7.29', '18', '0.00', '2016-01-16 07:16:33', NULL, NULL, NULL),
('02014051811', '15.98', '6.86', '0.00', '0', '0.00', '2016-01-16 07:16:33', NULL, NULL, NULL),
('02015056121', '16.52', '2.85', '0.00', '0', '0.00', '2016-01-16 07:16:33', NULL, NULL, NULL),
('02015056131', '15.92', '6.95', '0.00', '18', '0.00', '2016-01-16 07:21:33', NULL, NULL, NULL),
('02015056121', '16.52', '2.84', '0.00', '0', '0.00', '2016-01-16 07:21:33', NULL, NULL, NULL),
('02014051811', '15.98', '6.84', '0.00', '0', '0.00', '2016-01-16 07:21:33', NULL, NULL, NULL),
('02015056141', '16.50', '2.50', '7.29', '18', '0.00', '2016-01-16 07:21:33', NULL, NULL, NULL),
('02014056028', '16.33', '7.21', '0.00', '0', '0.00', '2016-01-16 07:21:33', NULL, NULL, NULL),
('02014051674', '16.48', '2.70', '0.00', '0', '0.00', '2016-01-16 07:21:33', NULL, NULL, NULL),
('02014051757', '16.49', '2.60', '0.00', '0', '0.00', '2016-01-16 07:21:33', NULL, NULL, NULL),
('02015056131', '15.92', '6.94', '0.00', '18', '0.00', '2016-01-16 07:26:33', NULL, NULL, NULL),
('02015056141', '16.50', '2.49', '7.29', '18', '0.00', '2016-01-16 07:26:33', NULL, NULL, NULL),
('02014051811', '15.96', '6.84', '0.00', '0', '0.00', '2016-01-16 07:26:33', NULL, NULL, NULL),
('02014056028', '16.34', '7.17', '0.00', '0', '0.00', '2016-01-16 07:26:33', NULL, NULL, NULL),
('02014051674', '16.48', '2.70', '0.00', '0', '0.00', '2016-01-16 07:26:33', NULL, NULL, NULL),
('02015056121', '16.51', '2.85', '0.00', '0', '0.00', '2016-01-16 07:26:34', NULL, NULL, NULL),
('02014051757', '16.48', '2.60', '0.00', '0', '0.00', '2016-01-16 07:26:34', NULL, NULL, NULL),
('02014051674', '16.48', '2.68', '0.00', '0', '0.00', '2016-01-16 07:31:33', NULL, NULL, NULL),
('02014051757', '16.48', '2.55', '0.00', '0', '0.00', '2016-01-16 07:31:33', NULL, NULL, NULL),
('02015056121', '16.50', '2.83', '0.00', '0', '0.00', '2016-01-16 07:31:33', NULL, NULL, NULL),
('02015056141', '16.50', '2.46', '7.30', '18', '0.00', '2016-01-16 07:31:33', NULL, NULL, NULL),
('02014051811', '15.96', '6.90', '0.00', '0', '0.00', '2016-01-16 07:31:33', NULL, NULL, NULL),
('02015056141', '16.49', '2.46', '7.30', '18', '0.00', '2016-01-16 07:36:32', NULL, NULL, NULL),
('02014051674', '16.48', '2.67', '0.00', '0', '0.00', '2016-01-16 07:36:33', NULL, NULL, NULL),
('02014051757', '16.49', '2.57', '0.00', '0', '0.00', '2016-01-16 07:36:33', NULL, NULL, NULL),
('02015056121', '16.51', '2.84', '0.00', '0', '0.00', '2016-01-16 07:36:33', NULL, NULL, NULL),
('02015056121', '16.51', '2.82', '0.00', '0', '0.00', '2016-01-16 07:41:32', NULL, NULL, NULL),
('02014051674', '16.46', '2.63', '0.00', '0', '0.00', '2016-01-16 07:41:32', NULL, NULL, NULL),
('02015056141', '16.50', '2.46', '7.29', '18', '0.00', '2016-01-16 07:41:32', NULL, NULL, NULL),
('02014051757', '16.48', '2.58', '0.00', '0', '0.00', '2016-01-16 07:41:33', NULL, NULL, NULL),
('02015056121', '16.51', '2.82', '0.00', '0', '0.00', '2016-01-16 07:46:32', NULL, NULL, NULL),
('02015056141', '16.48', '2.45', '7.29', '18', '0.00', '2016-01-16 07:46:33', NULL, NULL, NULL),
('02014051674', '16.45', '2.63', '0.00', '0', '0.00', '2016-01-16 07:46:33', NULL, NULL, NULL),
('02014051757', '16.48', '2.55', '0.00', '0', '0.00', '2016-01-16 07:46:33', NULL, NULL, NULL),
('02015056141', '16.49', '2.39', '7.30', '18', '0.00', '2016-01-16 07:51:33', NULL, NULL, NULL),
('02014051674', '16.46', '2.61', '0.00', '0', '0.00', '2016-01-16 07:51:33', NULL, NULL, NULL),
('02015056121', '16.50', '2.81', '0.00', '0', '0.00', '2016-01-16 07:51:33', NULL, NULL, NULL),
('02014051757', '16.48', '2.56', '0.00', '0', '0.00', '2016-01-16 07:51:33', NULL, NULL, NULL),
('02014051757', '16.48', '2.54', '0.00', '0', '0.00', '2016-01-16 07:56:32', NULL, NULL, NULL),
('02015056121', '16.51', '2.78', '0.00', '0', '0.00', '2016-01-16 07:56:33', NULL, NULL, NULL),
('02015056141', '16.46', '2.41', '7.29', '18', '0.00', '2016-01-16 07:56:33', NULL, NULL, NULL),
('02014051674', '16.45', '2.59', '0.00', '0', '0.00', '2016-01-16 07:56:34', NULL, NULL, NULL),
('02014051757', '16.48', '2.48', '0.00', '0', '0.00', '2016-01-16 08:01:32', NULL, NULL, NULL),
('02015056121', '16.51', '2.77', '0.00', '0', '0.00', '2016-01-16 08:01:33', NULL, NULL, NULL),
('02015056141', '16.48', '2.42', '7.29', '18', '0.00', '2016-01-16 08:01:33', NULL, NULL, NULL),
('02014051674', '16.48', '2.59', '0.00', '0', '0.00', '2016-01-16 08:01:33', NULL, NULL, NULL),
('02014051757', '16.46', '2.50', '0.00', '0', '0.00', '2016-01-16 08:06:32', NULL, NULL, NULL),
('02015056121', '16.52', '2.74', '0.00', '0', '0.00', '2016-01-16 08:06:33', NULL, NULL, NULL),
('02014051674', '16.46', '2.56', '0.00', '0', '0.00', '2016-01-16 08:06:33', NULL, NULL, NULL),
('02015056141', '16.48', '2.43', '7.29', '18', '0.00', '2016-01-16 08:06:33', NULL, NULL, NULL),
('02014051757', '16.46', '2.48', '0.00', '0', '0.00', '2016-01-16 08:11:33', NULL, NULL, NULL),
('02015056121', '16.52', '2.75', '0.00', '0', '0.00', '2016-01-16 08:11:33', NULL, NULL, NULL),
('02014051674', '16.46', '2.54', '0.00', '0', '0.00', '2016-01-16 08:11:33', NULL, NULL, NULL),
('02015056141', '16.46', '2.41', '7.30', '18', '0.00', '2016-01-16 08:11:33', NULL, NULL, NULL),
('02015056121', '16.52', '2.74', '0.00', '0', '0.00', '2016-01-16 08:16:33', NULL, NULL, NULL),
('02015056141', '16.45', '2.44', '7.29', '18', '0.00', '2016-01-16 08:16:33', NULL, NULL, NULL),
('02014051674', '16.46', '2.54', '0.00', '0', '0.00', '2016-01-16 08:16:33', NULL, NULL, NULL),
('02014051757', '16.45', '2.46', '0.00', '0', '0.00', '2016-01-16 08:16:34', NULL, NULL, NULL),
('02014051757', '16.46', '2.53', '0.00', '0', '0.00', '2016-01-16 08:21:33', NULL, NULL, NULL),
('02015056121', '16.50', '2.74', '0.00', '0', '0.00', '2016-01-16 08:21:33', NULL, NULL, NULL),
('02015056141', '16.46', '2.43', '7.30', '18', '0.00', '2016-01-16 08:21:33', NULL, NULL, NULL),
('02014051674', '16.46', '2.55', '0.00', '0', '0.00', '2016-01-16 08:21:33', NULL, NULL, NULL),
('02015056141', '16.46', '2.41', '7.29', '18', '0.00', '2016-01-16 08:26:32', NULL, NULL, NULL),
('02014051674', '16.46', '2.58', '0.00', '0', '0.00', '2016-01-16 08:26:32', NULL, NULL, NULL),
('02014051757', '16.46', '2.50', '0.00', '0', '0.00', '2016-01-16 08:26:33', NULL, NULL, NULL),
('02015056121', '16.53', '2.72', '0.00', '0', '0.00', '2016-01-16 08:26:34', NULL, NULL, NULL),
('02015056121', '16.52', '2.71', '0.00', '0', '0.00', '2016-01-16 08:31:32', NULL, NULL, NULL),
('02015056141', '16.48', '2.43', '7.29', '18', '0.00', '2016-01-16 08:31:32', NULL, NULL, NULL),
('02014051757', '16.46', '2.55', '0.00', '0', '0.00', '2016-01-16 08:31:33', NULL, NULL, NULL),
('02014051674', '16.46', '2.58', '0.00', '0', '0.00', '2016-01-16 08:31:34', NULL, NULL, NULL),
('02015056121', '16.52', '2.68', '0.00', '0', '0.00', '2016-01-16 08:36:32', NULL, NULL, NULL),
('02014051674', '16.46', '2.57', '0.00', '0', '0.00', '2016-01-16 08:36:32', NULL, NULL, NULL),
('02014051757', '16.45', '2.57', '0.00', '0', '0.00', '2016-01-16 08:36:33', NULL, NULL, NULL),
('02015056141', '16.46', '2.43', '7.29', '18', '0.00', '2016-01-16 08:36:33', NULL, NULL, NULL),
('02015056121', '16.51', '2.67', '0.00', '0', '0.00', '2016-01-16 08:41:32', NULL, NULL, NULL),
('02015056141', '16.45', '2.45', '7.29', '18', '0.00', '2016-01-16 08:41:33', NULL, NULL, NULL),
('02014051674', '16.46', '2.54', '0.00', '0', '0.00', '2016-01-16 08:41:33', NULL, NULL, NULL),
('02014051757', '16.45', '2.56', '0.00', '0', '0.00', '2016-01-16 08:41:33', NULL, NULL, NULL),
('02014051757', '16.45', '2.62', '0.00', '0', '0.00', '2016-01-16 08:46:32', NULL, NULL, NULL),
('02015056121', '16.52', '2.66', '0.00', '0', '0.00', '2016-01-16 08:46:33', NULL, NULL, NULL),
('02015056141', '16.49', '2.44', '7.29', '18', '0.00', '2016-01-16 08:46:33', NULL, NULL, NULL),
('02014051674', '16.46', '2.55', '0.00', '0', '0.00', '2016-01-16 08:46:34', NULL, NULL, NULL),
('02014051757', '16.44', '2.70', '0.00', '0', '0.00', '2016-01-16 08:51:32', NULL, NULL, NULL),
('02015056121', '16.51', '2.63', '0.00', '0', '0.00', '2016-01-16 08:51:33', NULL, NULL, NULL),
('02015056141', '16.45', '2.44', '7.29', '18', '0.00', '2016-01-16 08:51:33', NULL, NULL, NULL),
('02014051674', '16.48', '2.51', '0.00', '0', '0.00', '2016-01-16 08:51:33', NULL, NULL, NULL),
('02014051757', '16.44', '2.65', '0.00', '0', '0.00', '2016-01-16 08:56:32', NULL, NULL, NULL),
('02015056141', '16.46', '2.48', '7.29', '18', '0.00', '2016-01-16 08:56:33', NULL, NULL, NULL),
('02015056121', '16.52', '2.65', '0.00', '0', '0.00', '2016-01-16 08:56:33', NULL, NULL, NULL),
('02014051674', '16.46', '2.48', '0.00', '0', '0.00', '2016-01-16 08:56:33', NULL, NULL, NULL),
('02014051757', '16.45', '2.64', '0.00', '0', '0.00', '2016-01-16 09:01:33', NULL, NULL, NULL),
('02015056121', '16.51', '2.66', '0.00', '0', '0.00', '2016-01-16 09:01:33', NULL, NULL, NULL),
('02014051674', '16.45', '2.51', '0.00', '0', '0.00', '2016-01-16 09:01:33', NULL, NULL, NULL),
('02015056141', '16.46', '2.49', '7.29', '18', '0.00', '2016-01-16 09:01:33', NULL, NULL, NULL),
('02014051757', '16.43', '2.67', '0.00', '0', '0.00', '2016-01-16 09:06:33', NULL, NULL, NULL),
('02015056121', '16.54', '2.64', '0.00', '0', '0.00', '2016-01-16 09:06:33', NULL, NULL, NULL),
('02015056141', '16.48', '2.51', '7.30', '18', '0.00', '2016-01-16 09:06:33', NULL, NULL, NULL),
('02014051674', '16.46', '2.43', '0.00', '0', '0.00', '2016-01-16 09:06:33', NULL, NULL, NULL),
('02014051757', '16.42', '2.64', '0.00', '0', '0.00', '2016-01-16 09:11:33', NULL, NULL, NULL),
('02015056121', '16.52', '2.65', '0.00', '0', '0.00', '2016-01-16 09:11:33', NULL, NULL, NULL),
('02015056141', '16.46', '2.51', '7.30', '18', '0.00', '2016-01-16 09:11:33', NULL, NULL, NULL),
('02014051674', '16.46', '2.40', '0.00', '0', '0.00', '2016-01-16 09:11:33', NULL, NULL, NULL),
('02014051757', '16.44', '2.69', '0.00', '0', '0.00', '2016-01-16 09:16:33', NULL, NULL, NULL),
('02015056141', '16.46', '2.53', '7.30', '18', '0.00', '2016-01-16 09:16:33', NULL, NULL, NULL),
('02014051674', '16.45', '2.39', '0.00', '0', '0.00', '2016-01-16 09:16:33', NULL, NULL, NULL),
('02015056121', '16.51', '2.69', '0.00', '0', '0.00', '2016-01-16 09:16:34', NULL, NULL, NULL),
('02014051757', '16.44', '2.68', '0.00', '0', '0.00', '2016-01-16 09:21:33', NULL, NULL, NULL),
('02015056141', '16.46', '2.57', '7.29', '18', '0.00', '2016-01-16 09:21:33', NULL, NULL, NULL),
('02014051674', '16.45', '2.38', '0.00', '0', '0.00', '2016-01-16 09:21:33', NULL, NULL, NULL),
('02015056121', '16.49', '3.22', '0.00', '0', '0.00', '2016-01-16 09:21:33', NULL, NULL, NULL),
('02015056121', '16.52', '2.70', '0.00', '0', '0.00', '2016-01-16 09:26:32', NULL, NULL, NULL),
('02014051757', '16.45', '2.68', '0.00', '0', '0.00', '2016-01-16 09:26:33', NULL, NULL, NULL),
('02015056141', '16.48', '2.56', '7.29', '18', '0.00', '2016-01-16 09:26:33', NULL, NULL, NULL),
('02014051674', '16.45', '2.37', '0.00', '0', '0.00', '2016-01-16 09:26:33', NULL, NULL, NULL),
('02014051674', '16.45', '2.38', '0.00', '0', '0.00', '2016-01-16 09:31:33', NULL, NULL, NULL),
('02014051757', '16.43', '2.71', '0.00', '0', '0.00', '2016-01-16 09:31:33', NULL, NULL, NULL),
('02015056141', '16.46', '2.51', '7.30', '18', '0.00', '2016-01-16 09:31:33', NULL, NULL, NULL),
('02015056121', '16.51', '2.70', '0.00', '0', '0.00', '2016-01-16 09:31:34', NULL, NULL, NULL),
('02015056121', '16.51', '2.70', '0.00', '0', '0.00', '2016-01-16 09:36:33', NULL, NULL, NULL),
('02015056141', '16.45', '2.53', '7.30', '18', '0.00', '2016-01-16 09:36:33', NULL, NULL, NULL),
('02014051674', '16.46', '2.37', '0.00', '0', '0.00', '2016-01-16 09:36:33', NULL, NULL, NULL),
('02014051757', '16.45', '2.72', '0.00', '0', '0.00', '2016-01-16 09:36:34', NULL, NULL, NULL),
('02014051757', '16.45', '2.66', '0.00', '0', '0.00', '2016-01-16 09:41:32', NULL, NULL, NULL),
('02014051674', '16.45', '2.36', '0.00', '0', '0.00', '2016-01-16 09:41:32', NULL, NULL, NULL),
('02015056141', '16.45', '2.48', '7.30', '18', '0.00', '2016-01-16 09:41:32', NULL, NULL, NULL),
('02015056121', '16.52', '2.67', '0.00', '0', '0.00', '2016-01-16 09:41:33', NULL, NULL, NULL),
('02015056141', '16.46', '2.49', '7.29', '18', '0.00', '2016-01-16 09:46:32', NULL, NULL, NULL),
('02014051757', '16.45', '2.65', '0.00', '0', '0.00', '2016-01-16 09:46:32', NULL, NULL, NULL),
('02014051674', '16.45', '2.37', '0.00', '0', '0.00', '2016-01-16 09:46:34', NULL, NULL, NULL),
('02015056121', '16.51', '2.65', '0.00', '0', '0.00', '2016-01-16 09:46:35', NULL, NULL, NULL),
('02014051757', '16.46', '2.66', '0.00', '0', '0.00', '2016-01-16 09:51:32', NULL, NULL, NULL),
('02015056141', '16.48', '2.49', '7.29', '18', '0.00', '2016-01-16 09:51:33', NULL, NULL, NULL),
('02014051674', '16.46', '2.35', '0.00', '0', '0.00', '2016-01-16 09:51:33', NULL, NULL, NULL),
('02015056121', '16.52', '2.58', '0.00', '0', '0.00', '2016-01-16 09:51:33', NULL, NULL, NULL),
('02014051757', '16.46', '2.69', '0.00', '0', '0.00', '2016-01-16 09:56:33', NULL, NULL, NULL),
('02015056121', '16.51', '2.55', '0.00', '0', '0.00', '2016-01-16 09:56:33', NULL, NULL, NULL),
('02015056141', '16.46', '2.49', '7.29', '18', '0.00', '2016-01-16 09:56:33', NULL, NULL, NULL),
('02014051674', '16.46', '2.35', '0.00', '0', '0.00', '2016-01-16 09:56:34', NULL, NULL, NULL),
('02014051757', '16.45', '2.70', '0.00', '0', '0.00', '2016-01-16 10:01:33', NULL, NULL, NULL),
('02015056141', '16.49', '2.53', '7.29', '18', '0.00', '2016-01-16 10:01:33', NULL, NULL, NULL),
('02014051674', '16.45', '2.32', '0.00', '0', '0.00', '2016-01-16 10:01:33', NULL, NULL, NULL),
('02015056121', '16.53', '2.61', '0.00', '0', '0.00', '2016-01-16 10:01:33', NULL, NULL, NULL),
('02015056141', '16.49', '2.55', '7.29', '18', '0.00', '2016-01-16 10:06:33', NULL, NULL, NULL),
('02014051757', '16.46', '2.77', '0.00', '0', '0.00', '2016-01-16 10:06:33', NULL, NULL, NULL),
('02014051674', '16.45', '2.37', '0.00', '0', '0.00', '2016-01-16 10:06:33', NULL, NULL, NULL),
('02015056121', '16.54', '2.62', '0.00', '0', '0.00', '2016-01-16 10:06:34', NULL, NULL, NULL),
('02014051674', '16.45', '2.35', '0.00', '0', '0.00', '2016-01-16 10:11:33', NULL, NULL, NULL),
('02014051757', '16.45', '2.78', '0.00', '0', '0.00', '2016-01-16 10:11:33', NULL, NULL, NULL),
('02015056141', '16.50', '2.56', '7.30', '18', '0.00', '2016-01-16 10:11:33', NULL, NULL, NULL),
('02015056121', '16.54', '2.64', '0.00', '0', '0.00', '2016-01-16 10:11:33', NULL, NULL, NULL),
('02015056141', '16.50', '2.61', '7.29', '18', '0.00', '2016-01-16 10:16:33', NULL, NULL, NULL),
('02014051674', '16.46', '2.32', '0.00', '0', '0.00', '2016-01-16 10:16:33', NULL, NULL, NULL),
('02015056121', '16.54', '2.64', '0.00', '0', '0.00', '2016-01-16 10:16:33', NULL, NULL, NULL),
('02014051757', '16.46', '2.87', '0.00', '0', '0.00', '2016-01-16 10:16:34', NULL, NULL, NULL),
('02015056121', '16.53', '2.73', '0.00', '0', '0.00', '2016-01-16 10:21:32', NULL, NULL, NULL),
('02014051757', '16.45', '2.82', '0.00', '0', '0.00', '2016-01-16 10:21:33', NULL, NULL, NULL),
('02015056141', '16.49', '2.57', '7.30', '18', '0.00', '2016-01-16 10:21:33', NULL, NULL, NULL),
('02014051674', '16.45', '2.30', '0.00', '0', '0.00', '2016-01-16 10:21:33', NULL, NULL, NULL),
('02015056121', '16.54', '2.75', '0.00', '0', '0.00', '2016-01-16 10:26:32', NULL, NULL, NULL),
('02014051757', '16.46', '2.89', '0.00', '0', '0.00', '2016-01-16 10:26:33', NULL, NULL, NULL),
('02015056141', '16.49', '2.56', '7.30', '18', '0.00', '2016-01-16 10:26:34', NULL, NULL, NULL),
('02014051674', '16.45', '2.32', '0.00', '0', '0.00', '2016-01-16 10:26:34', NULL, NULL, NULL),
('02015056141', '16.49', '2.58', '7.30', '18', '0.00', '2016-01-16 10:31:34', NULL, NULL, NULL),
('02014051674', '16.45', '2.31', '0.00', '0', '0.00', '2016-01-16 10:31:34', NULL, NULL, NULL),
('02014051757', '16.48', '2.90', '0.00', '0', '0.00', '2016-01-16 10:31:34', NULL, NULL, NULL),
('02015056121', '16.54', '2.79', '0.00', '0', '0.00', '2016-01-16 10:31:34', NULL, NULL, NULL),
('02015056141', '16.50', '2.73', '7.30', '18', '0.00', '2016-01-16 10:36:32', NULL, NULL, NULL),
('02014051674', '16.45', '2.32', '0.00', '0', '0.00', '2016-01-16 10:36:32', NULL, NULL, NULL),
('02014051757', '16.48', '3.03', '0.00', '0', '0.00', '2016-01-16 10:36:33', NULL, NULL, NULL),
('02015056121', '16.54', '2.89', '0.00', '0', '0.00', '2016-01-16 10:36:34', NULL, NULL, NULL),
('02015056121', '16.57', '2.94', '0.00', '0', '0.00', '2016-01-16 10:41:32', NULL, NULL, NULL),
('02015056141', '16.50', '2.61', '7.31', '18', '0.00', '2016-01-16 10:41:33', NULL, NULL, NULL),
('02014051757', '16.49', '3.06', '0.00', '0', '0.00', '2016-01-16 10:41:33', NULL, NULL, NULL),
('02014051674', '16.46', '2.37', '0.00', '0', '0.00', '2016-01-16 10:41:34', NULL, NULL, NULL),
('02015056121', '16.54', '3.05', '0.00', '0', '0.00', '2016-01-16 10:46:32', NULL, NULL, NULL),
('02014051674', '16.46', '2.38', '0.00', '0', '0.00', '2016-01-16 10:46:33', NULL, NULL, NULL),
('02015056141', '16.51', '2.70', '7.30', '18', '0.00', '2016-01-16 10:46:33', NULL, NULL, NULL),
('02014051757', '16.49', '2.98', '0.00', '0', '0.00', '2016-01-16 10:46:33', NULL, NULL, NULL),
('02015056141', '16.52', '2.79', '7.31', '18', '0.00', '2016-01-16 10:51:33', NULL, NULL, NULL),
('02015056121', '16.56', '3.18', '0.00', '0', '0.00', '2016-01-16 10:51:33', NULL, NULL, NULL),
('02014051757', '16.50', '2.97', '0.00', '0', '0.00', '2016-01-16 10:51:33', NULL, NULL, NULL),
('02014051674', '16.46', '2.40', '0.00', '0', '0.00', '2016-01-16 10:51:34', NULL, NULL, NULL),
('02014051757', '16.51', '3.14', '0.00', '0', '0.00', '2016-01-16 10:56:32', NULL, NULL, NULL),
('02015056141', '16.52', '2.78', '7.31', '18', '0.00', '2016-01-16 10:56:33', NULL, NULL, NULL),
('02014051674', '16.49', '2.44', '0.00', '0', '0.00', '2016-01-16 10:56:33', NULL, NULL, NULL),
('02015056121', '16.56', '3.18', '0.00', '0', '0.00', '2016-01-16 10:56:33', NULL, NULL, NULL),
('02014051757', '16.54', '3.30', '0.00', '0', '0.00', '2016-01-16 11:01:32', NULL, NULL, NULL),
('02015056121', '16.57', '3.12', '0.00', '0', '0.00', '2016-01-16 11:01:33', NULL, NULL, NULL),
('02015056141', '16.52', '2.79', '7.31', '18', '0.00', '2016-01-16 11:01:33', NULL, NULL, NULL),
('02014051674', '16.49', '2.56', '0.00', '0', '0.00', '2016-01-16 11:01:33', NULL, NULL, NULL),
('02014051757', '16.53', '3.35', '0.00', '0', '0.00', '2016-01-16 11:06:33', NULL, NULL, NULL),
('02014051674', '16.48', '2.52', '0.00', '0', '0.00', '2016-01-16 11:06:33', NULL, NULL, NULL),
('02015056141', '16.52', '2.75', '7.31', '18', '0.00', '2016-01-16 11:06:33', NULL, NULL, NULL),
('02015056121', '16.58', '3.17', '0.00', '0', '0.00', '2016-01-16 11:06:33', NULL, NULL, NULL),
('02014051757', '16.53', '3.31', '0.00', '0', '0.00', '2016-01-16 11:11:33', NULL, NULL, NULL),
('02015056121', '16.60', '3.22', '0.00', '0', '0.00', '2016-01-16 11:11:33', NULL, NULL, NULL),
('02015056141', '16.54', '2.74', '7.31', '18', '0.00', '2016-01-16 11:11:33', NULL, NULL, NULL),
('02014051674', '16.51', '2.60', '0.00', '0', '0.00', '2016-01-16 11:11:34', NULL, NULL, NULL),
('02014051757', '16.54', '3.27', '0.00', '0', '0.00', '2016-01-16 11:16:33', NULL, NULL, NULL),
('02015056121', '16.62', '3.34', '0.00', '0', '0.00', '2016-01-16 11:16:33', NULL, NULL, NULL),
('02015056141', '16.53', '2.81', '7.32', '18', '0.00', '2016-01-16 11:16:33', NULL, NULL, NULL),
('02014051674', '16.51', '2.63', '0.00', '0', '0.00', '2016-01-16 11:16:34', NULL, NULL, NULL),
('02014051757', '16.56', '3.35', '0.00', '0', '0.00', '2016-01-16 11:21:33', NULL, NULL, NULL),
('02015056121', '16.64', '3.40', '0.00', '0', '0.00', '2016-01-16 11:21:33', NULL, NULL, NULL),
('02015056141', '16.54', '2.82', '7.31', '18', '0.00', '2016-01-16 11:21:33', NULL, NULL, NULL),
('02014051674', '16.52', '2.65', '0.00', '0', '0.00', '2016-01-16 11:21:33', NULL, NULL, NULL),
('02015056141', '16.54', '2.77', '7.31', '18', '0.00', '2016-01-16 11:26:32', NULL, NULL, NULL),
('02014051674', '16.52', '2.80', '0.00', '0', '0.00', '2016-01-16 11:26:32', NULL, NULL, NULL),
('02014051757', '16.56', '3.23', '0.00', '0', '0.00', '2016-01-16 11:26:33', NULL, NULL, NULL),
('02015056121', '16.62', '3.62', '0.00', '0', '0.00', '2016-01-16 11:26:33', NULL, NULL, NULL),
('02015056121', '16.66', '3.70', '0.00', '0', '0.00', '2016-01-16 11:31:32', NULL, NULL, NULL),
('02015056141', '16.53', '2.77', '7.30', '18', '0.00', '2016-01-16 11:31:32', NULL, NULL, NULL),
('02014051674', '16.51', '2.63', '0.00', '0', '0.00', '2016-01-16 11:31:33', NULL, NULL, NULL),
('02014051757', '16.57', '3.37', '0.00', '0', '0.00', '2016-01-16 11:31:34', NULL, NULL, NULL),
('02015056121', '16.65', '3.67', '0.00', '0', '0.00', '2016-01-16 11:36:32', NULL, NULL, NULL),
('02015056141', '16.54', '2.84', '7.30', '18', '0.00', '2016-01-16 11:36:33', NULL, NULL, NULL),
('02014051674', '16.51', '2.73', '0.00', '0', '0.00', '2016-01-16 11:36:33', NULL, NULL, NULL),
('02014051757', '16.58', '3.43', '0.00', '0', '0.00', '2016-01-16 11:36:33', NULL, NULL, NULL),
('02015056121', '16.64', '3.64', '0.00', '0', '0.00', '2016-01-16 11:41:32', NULL, NULL, NULL),
('02014051674', '16.52', '2.63', '0.00', '0', '0.00', '2016-01-16 11:41:33', NULL, NULL, NULL);
INSERT INTO `ap_device_online_t` (`imsi`, `waterTemp`, `dissolvedOxygen`, `phValue`, `electrical`, `anDan`, `timestamp`, `workingVoltage`, `operatingTemp`, `chargingVoltage`) VALUES
('02014051757', '16.56', '3.29', '0.00', '0', '0.00', '2016-01-16 11:41:33', NULL, NULL, NULL),
('02015056141', '16.53', '2.74', '7.30', '18', '0.00', '2016-01-16 11:41:34', NULL, NULL, NULL),
('02014051757', '16.57', '3.40', '0.00', '0', '0.00', '2016-01-16 11:46:32', NULL, NULL, NULL),
('02015056121', '16.62', '3.53', '0.00', '0', '0.00', '2016-01-16 11:46:33', NULL, NULL, NULL),
('02015056141', '16.54', '2.90', '7.30', '18', '0.00', '2016-01-16 11:46:33', NULL, NULL, NULL),
('02014051674', '16.51', '2.73', '0.00', '0', '0.00', '2016-01-16 11:46:34', NULL, NULL, NULL),
('02014051757', '16.57', '3.39', '0.00', '0', '0.00', '2016-01-16 11:51:32', NULL, NULL, NULL),
('02015056121', '16.62', '3.56', '0.00', '0', '0.00', '2016-01-16 11:51:33', NULL, NULL, NULL),
('02015056141', '16.53', '2.79', '7.30', '18', '0.00', '2016-01-16 11:51:33', NULL, NULL, NULL),
('02014051674', '16.50', '2.70', '0.00', '0', '0.00', '2016-01-16 11:51:33', NULL, NULL, NULL),
('02014051757', '16.58', '3.39', '0.00', '0', '0.00', '2016-01-16 11:56:33', NULL, NULL, NULL),
('02015056121', '16.65', '3.68', '0.00', '0', '0.00', '2016-01-16 11:56:33', NULL, NULL, NULL),
('02015056141', '16.51', '2.77', '7.30', '18', '0.00', '2016-01-16 11:56:33', NULL, NULL, NULL),
('02014051674', '16.49', '2.62', '0.00', '0', '0.00', '2016-01-16 11:56:33', NULL, NULL, NULL),
('02015056121', '16.68', '3.84', '0.00', '0', '0.00', '2016-01-16 12:01:33', NULL, NULL, NULL),
('02015056141', '16.52', '2.74', '7.30', '18', '0.00', '2016-01-16 12:01:33', NULL, NULL, NULL),
('02014051674', '16.51', '2.60', '0.00', '0', '0.00', '2016-01-16 12:01:33', NULL, NULL, NULL),
('02014051757', '16.58', '3.37', '0.00', '0', '0.00', '2016-01-16 12:01:34', NULL, NULL, NULL),
('02014051757', '16.59', '3.45', '0.00', '0', '0.00', '2016-01-16 12:06:33', NULL, NULL, NULL),
('02015056121', '16.68', '3.72', '0.00', '0', '0.00', '2016-01-16 12:06:33', NULL, NULL, NULL),
('02014051674', '16.51', '2.60', '0.00', '0', '0.00', '2016-01-16 12:06:33', NULL, NULL, NULL),
('02015056141', '16.54', '2.80', '7.31', '18', '0.00', '2016-01-16 12:06:33', NULL, NULL, NULL),
('02014051757', '16.60', '3.48', '0.00', '0', '0.00', '2016-01-16 12:11:33', NULL, NULL, NULL),
('02015056121', '16.67', '3.71', '0.00', '0', '0.00', '2016-01-16 12:11:33', NULL, NULL, NULL),
('02014051674', '16.51', '2.58', '0.00', '0', '0.00', '2016-01-16 12:11:33', NULL, NULL, NULL),
('02015056141', '16.54', '2.92', '7.30', '18', '0.00', '2016-01-16 12:11:33', NULL, NULL, NULL),
('02014051757', '16.59', '3.57', '0.00', '0', '0.00', '2016-01-16 12:16:33', NULL, NULL, NULL),
('02015056121', '16.71', '3.83', '0.00', '0', '0.00', '2016-01-16 12:16:33', NULL, NULL, NULL),
('02015056141', '16.53', '2.88', '7.30', '18', '0.00', '2016-01-16 12:16:33', NULL, NULL, NULL),
('02014051674', '16.51', '2.64', '0.00', '0', '0.00', '2016-01-16 12:16:34', NULL, NULL, NULL),
('02014051674', '16.50', '2.57', '0.00', '0', '0.00', '2016-01-16 12:21:33', NULL, NULL, NULL),
('02015056141', '16.54', '2.78', '7.30', '18', '0.00', '2016-01-16 12:21:33', NULL, NULL, NULL),
('02014051757', '16.60', '3.53', '0.00', '0', '0.00', '2016-01-16 12:21:33', NULL, NULL, NULL),
('02015056121', '16.70', '3.92', '0.00', '0', '0.00', '2016-01-16 12:21:34', NULL, NULL, NULL),
('02015056121', '16.70', '3.80', '0.00', '0', '0.00', '2016-01-16 12:26:32', NULL, NULL, NULL),
('02015056141', '16.56', '3.03', '7.31', '18', '0.00', '2016-01-16 12:26:33', NULL, NULL, NULL),
('02014051757', '16.60', '3.59', '0.00', '0', '0.00', '2016-01-16 12:26:33', NULL, NULL, NULL),
('02014051674', '16.51', '2.54', '0.00', '0', '0.00', '2016-01-16 12:26:34', NULL, NULL, NULL),
('02015056121', '16.73', '4.07', '0.00', '0', '0.00', '2016-01-16 12:31:32', NULL, NULL, NULL),
('02014051674', '16.52', '2.58', '0.00', '0', '0.00', '2016-01-16 12:31:33', NULL, NULL, NULL),
('02015056141', '16.58', '3.16', '7.31', '18', '0.00', '2016-01-16 12:31:33', NULL, NULL, NULL),
('02014051757', '16.61', '3.66', '0.00', '0', '0.00', '2016-01-16 12:31:33', NULL, NULL, NULL),
('02015056121', '16.70', '4.03', '0.00', '0', '0.00', '2016-01-16 12:36:33', NULL, NULL, NULL),
('02014051674', '16.53', '2.56', '0.00', '0', '0.00', '2016-01-16 12:36:33', NULL, NULL, NULL),
('02015056141', '16.57', '3.19', '7.31', '18', '0.00', '2016-01-16 12:36:33', NULL, NULL, NULL),
('02014051757', '16.64', '3.71', '0.00', '0', '0.00', '2016-01-16 12:36:33', NULL, NULL, NULL),
('02015056141', '16.57', '3.14', '7.31', '18', '0.00', '2016-01-16 12:41:33', NULL, NULL, NULL),
('02014051674', '16.53', '2.57', '0.00', '0', '0.00', '2016-01-16 12:41:33', NULL, NULL, NULL),
('02015056121', '16.71', '3.94', '0.00', '0', '0.00', '2016-01-16 12:41:33', NULL, NULL, NULL),
('02014051757', '16.65', '3.75', '0.00', '0', '0.00', '2016-01-16 12:41:34', NULL, NULL, NULL),
('02014051757', '16.64', '3.79', '0.00', '0', '0.00', '2016-01-16 12:46:32', NULL, NULL, NULL),
('02015056141', '16.54', '2.95', '7.31', '18', '0.00', '2016-01-16 12:46:33', NULL, NULL, NULL),
('02014051674', '16.54', '2.61', '0.00', '0', '0.00', '2016-01-16 12:46:33', NULL, NULL, NULL),
('02015056121', '16.70', '3.84', '0.00', '0', '0.00', '2016-01-16 12:46:33', NULL, NULL, NULL),
('02015056141', '16.59', '2.95', '7.31', '18', '0.00', '2016-01-16 12:51:33', NULL, NULL, NULL),
('02014051757', '16.65', '3.73', '0.00', '0', '0.00', '2016-01-16 12:51:33', NULL, NULL, NULL),
('02015056121', '16.66', '3.77', '0.00', '0', '0.00', '2016-01-16 12:51:33', NULL, NULL, NULL),
('02014051674', '16.53', '2.56', '0.00', '0', '0.00', '2016-01-16 12:51:35', NULL, NULL, NULL),
('02015056141', '16.60', '3.16', '7.31', '18', '0.00', '2016-01-16 12:56:33', NULL, NULL, NULL),
('02014051674', '16.54', '2.61', '0.00', '0', '0.00', '2016-01-16 12:56:33', NULL, NULL, NULL),
('02015056121', '16.70', '3.83', '0.00', '0', '0.00', '2016-01-16 12:56:33', NULL, NULL, NULL),
('02014051757', '16.62', '3.54', '0.00', '0', '0.00', '2016-01-16 12:56:34', NULL, NULL, NULL),
('02014051757', '16.64', '3.85', '0.00', '0', '0.00', '2016-01-16 13:01:33', NULL, NULL, NULL),
('02014051674', '16.54', '2.60', '0.00', '0', '0.00', '2016-01-16 13:01:33', NULL, NULL, NULL),
('02015056141', '16.60', '3.09', '7.31', '18', '0.00', '2016-01-16 13:01:33', NULL, NULL, NULL),
('02015056121', '16.71', '3.90', '0.00', '0', '0.00', '2016-01-16 13:01:33', NULL, NULL, NULL),
('02015056141', '16.60', '3.23', '7.31', '18', '0.00', '2016-01-16 13:06:33', NULL, NULL, NULL),
('02014051674', '16.54', '2.56', '0.00', '0', '0.00', '2016-01-16 13:06:33', NULL, NULL, NULL),
('02014051757', '16.67', '3.92', '0.00', '0', '0.00', '2016-01-16 13:06:33', NULL, NULL, NULL),
('02015056121', '16.71', '4.00', '0.00', '0', '0.00', '2016-01-16 13:06:33', NULL, NULL, NULL),
('02014051757', '16.64', '3.76', '0.00', '0', '0.00', '2016-01-16 13:11:33', NULL, NULL, NULL),
('02015056141', '16.58', '2.94', '7.31', '18', '0.00', '2016-01-16 13:11:33', NULL, NULL, NULL),
('02014051674', '16.54', '2.54', '0.00', '0', '0.00', '2016-01-16 13:11:33', NULL, NULL, NULL),
('02015056121', '16.71', '3.91', '0.00', '0', '0.00', '2016-01-16 13:11:33', NULL, NULL, NULL),
('02014051757', '16.65', '3.89', '0.00', '0', '0.00', '2016-01-16 13:16:33', NULL, NULL, NULL),
('02015056141', '16.58', '2.93', '7.31', '18', '0.00', '2016-01-16 13:16:33', NULL, NULL, NULL),
('02014051674', '16.54', '2.59', '0.00', '0', '0.00', '2016-01-16 13:16:33', NULL, NULL, NULL),
('02015056121', '16.71', '3.83', '0.00', '0', '0.00', '2016-01-16 13:16:33', NULL, NULL, NULL),
('02015056121', '16.71', '3.78', '0.00', '0', '0.00', '2016-01-16 13:21:32', NULL, NULL, NULL),
('02014051757', '16.62', '3.75', '0.00', '0', '0.00', '2016-01-16 13:21:33', NULL, NULL, NULL),
('02015056141', '16.59', '2.94', '7.31', '18', '0.00', '2016-01-16 13:21:33', NULL, NULL, NULL),
('02014051674', '16.54', '2.53', '0.00', '0', '0.00', '2016-01-16 13:21:33', NULL, NULL, NULL),
('02015056121', '16.71', '3.68', '0.00', '0', '0.00', '2016-01-16 13:26:33', NULL, NULL, NULL),
('02015056141', '16.61', '3.09', '7.31', '18', '0.00', '2016-01-16 13:26:33', NULL, NULL, NULL),
('02014051674', '16.54', '2.51', '0.00', '0', '0.00', '2016-01-16 13:26:33', NULL, NULL, NULL),
('02014051757', '16.64', '3.73', '0.00', '0', '0.00', '2016-01-16 13:26:33', NULL, NULL, NULL),
('02015056121', '16.70', '3.60', '0.00', '0', '0.00', '2016-01-16 13:31:33', NULL, NULL, NULL),
('02014051757', '16.65', '3.83', '0.00', '0', '0.00', '2016-01-16 13:31:34', NULL, NULL, NULL),
('02014051674', '16.57', '2.56', '0.00', '0', '0.00', '2016-01-16 13:31:34', NULL, NULL, NULL),
('02015056141', '16.58', '3.10', '7.31', '18', '0.00', '2016-01-16 13:31:34', NULL, NULL, NULL),
('02015056141', '16.59', '3.08', '7.31', '18', '0.00', '2016-01-16 13:36:33', NULL, NULL, NULL),
('02014051674', '16.56', '2.55', '0.00', '0', '0.00', '2016-01-16 13:36:33', NULL, NULL, NULL),
('02015056121', '16.73', '3.58', '0.00', '0', '0.00', '2016-01-16 13:36:33', NULL, NULL, NULL),
('02014051757', '16.66', '3.69', '0.00', '0', '0.00', '2016-01-16 13:36:33', NULL, NULL, NULL),
('02015056141', '16.60', '2.95', '7.30', '18', '0.00', '2016-01-16 13:41:33', NULL, NULL, NULL),
('02014051674', '16.54', '2.64', '0.00', '0', '0.00', '2016-01-16 13:41:33', NULL, NULL, NULL),
('02015056121', '16.71', '3.79', '0.00', '0', '0.00', '2016-01-16 13:41:33', NULL, NULL, NULL),
('02014051757', '16.66', '3.73', '0.00', '0', '0.00', '2016-01-16 13:41:34', NULL, NULL, NULL),
('02014051757', '16.66', '3.78', '0.00', '0', '0.00', '2016-01-16 13:46:33', NULL, NULL, NULL),
('02015056141', '16.57', '2.90', '7.30', '18', '0.00', '2016-01-16 13:46:33', NULL, NULL, NULL),
('02014051674', '16.58', '2.76', '0.00', '0', '0.00', '2016-01-16 13:46:33', NULL, NULL, NULL),
('02015056121', '16.74', '3.77', '0.00', '0', '0.00', '2016-01-16 13:46:33', NULL, NULL, NULL),
('02015056141', '16.58', '2.87', '7.30', '18', '0.00', '2016-01-16 13:51:33', NULL, NULL, NULL),
('02014051757', '16.64', '3.61', '0.00', '0', '0.00', '2016-01-16 13:51:33', NULL, NULL, NULL),
('02014051674', '16.57', '2.86', '0.00', '0', '0.00', '2016-01-16 13:51:33', NULL, NULL, NULL),
('02015056121', '16.73', '3.88', '0.00', '0', '0.00', '2016-01-16 13:51:33', NULL, NULL, NULL),
('02015056141', '16.58', '2.90', '7.31', '18', '0.00', '2016-01-16 13:56:33', NULL, NULL, NULL),
('02014051757', '16.64', '3.53', '0.00', '0', '0.00', '2016-01-16 13:56:33', NULL, NULL, NULL),
('02014051674', '16.56', '2.61', '0.00', '0', '0.00', '2016-01-16 13:56:33', NULL, NULL, NULL),
('02015056121', '16.74', '3.71', '0.00', '0', '0.00', '2016-01-16 13:56:33', NULL, NULL, NULL),
('02014051757', '16.67', '3.54', '0.00', '0', '0.00', '2016-01-16 14:01:33', NULL, NULL, NULL),
('02015056141', '16.58', '2.86', '7.30', '18', '0.00', '2016-01-16 14:01:33', NULL, NULL, NULL),
('02014051674', '16.53', '2.62', '0.00', '0', '0.00', '2016-01-16 14:01:33', NULL, NULL, NULL),
('02015056121', '16.71', '3.83', '0.00', '0', '0.00', '2016-01-16 14:01:33', NULL, NULL, NULL),
('02014051757', '16.66', '3.77', '0.00', '0', '0.00', '2016-01-16 14:06:33', NULL, NULL, NULL),
('02014051674', '16.54', '2.41', '0.00', '0', '0.00', '2016-01-16 14:06:33', NULL, NULL, NULL),
('02015056141', '16.58', '2.84', '7.31', '18', '0.00', '2016-01-16 14:06:33', NULL, NULL, NULL),
('02015056121', '16.71', '3.76', '0.00', '0', '0.00', '2016-01-16 14:06:34', NULL, NULL, NULL),
('02014051757', '16.66', '3.53', '0.00', '0', '0.00', '2016-01-16 14:11:33', NULL, NULL, NULL),
('02015056121', '16.73', '3.86', '0.00', '0', '0.00', '2016-01-16 14:11:33', NULL, NULL, NULL),
('02015056141', '16.59', '2.82', '7.30', '18', '0.00', '2016-01-16 14:11:33', NULL, NULL, NULL),
('02014051674', '16.56', '2.51', '0.00', '0', '0.00', '2016-01-16 14:11:33', NULL, NULL, NULL),
('02014051757', '16.65', '3.54', '0.00', '0', '0.00', '2016-01-16 14:16:33', NULL, NULL, NULL),
('02015056121', '16.70', '4.03', '0.00', '0', '0.00', '2016-01-16 14:16:33', NULL, NULL, NULL),
('02015056141', '16.60', '2.88', '7.30', '18', '0.00', '2016-01-16 14:16:33', NULL, NULL, NULL),
('02014051674', '16.54', '2.39', '0.00', '0', '0.00', '2016-01-16 14:16:33', NULL, NULL, NULL),
('02015056121', '16.71', '3.90', '0.00', '0', '0.00', '2016-01-16 14:21:34', NULL, NULL, NULL),
('02015056141', '16.59', '2.86', '7.31', '18', '0.00', '2016-01-16 14:21:34', NULL, NULL, NULL),
('02014051674', '16.54', '2.37', '0.00', '0', '0.00', '2016-01-16 14:21:34', NULL, NULL, NULL),
('02014051757', '16.65', '3.53', '0.00', '0', '0.00', '2016-01-16 14:21:34', NULL, NULL, NULL),
('02015056141', '16.60', '2.83', '7.30', '18', '0.00', '2016-01-16 14:26:32', NULL, NULL, NULL),
('02014051757', '16.64', '3.44', '0.00', '0', '0.00', '2016-01-16 14:26:33', NULL, NULL, NULL),
('02015056121', '16.75', '4.18', '0.00', '0', '0.00', '2016-01-16 14:26:34', NULL, NULL, NULL),
('02014051674', '16.56', '2.48', '0.00', '0', '0.00', '2016-01-16 14:26:34', NULL, NULL, NULL),
('02015056141', '16.60', '2.95', '7.30', '18', '0.00', '2016-01-16 14:31:33', NULL, NULL, NULL),
('02014051674', '16.56', '2.45', '0.00', '0', '0.00', '2016-01-16 14:31:33', NULL, NULL, NULL),
('02014051757', '16.64', '3.42', '0.00', '0', '0.00', '2016-01-16 14:31:33', NULL, NULL, NULL),
('02015056121', '16.76', '4.49', '0.00', '0', '0.00', '2016-01-16 14:31:34', NULL, NULL, NULL),
('02015056121', '16.75', '4.28', '0.00', '0', '0.00', '2016-01-16 14:36:33', NULL, NULL, NULL),
('02015056141', '16.60', '2.80', '7.30', '18', '0.00', '2016-01-16 14:36:33', NULL, NULL, NULL),
('02014051674', '16.56', '2.33', '0.00', '0', '0.00', '2016-01-16 14:36:33', NULL, NULL, NULL),
('02014051757', '16.62', '3.34', '0.00', '0', '0.00', '2016-01-16 14:36:34', NULL, NULL, NULL),
('02015056121', '16.73', '4.33', '0.00', '0', '0.00', '2016-01-16 14:41:33', NULL, NULL, NULL),
('02014051674', '16.57', '2.29', '0.00', '0', '0.00', '2016-01-16 14:41:33', NULL, NULL, NULL),
('02015056141', '16.60', '2.76', '7.29', '18', '0.00', '2016-01-16 14:41:33', NULL, NULL, NULL),
('02014051757', '16.62', '3.33', '0.00', '0', '0.00', '2016-01-16 14:41:34', NULL, NULL, NULL),
('02015056121', '16.70', '3.85', '0.00', '0', '0.00', '2016-01-16 14:46:33', NULL, NULL, NULL),
('02015056141', '16.60', '2.72', '7.29', '18', '0.00', '2016-01-16 14:46:33', NULL, NULL, NULL),
('02014051674', '16.57', '2.38', '0.00', '0', '0.00', '2016-01-16 14:46:33', NULL, NULL, NULL),
('02014051757', '16.62', '3.23', '0.00', '0', '0.00', '2016-01-16 14:46:34', NULL, NULL, NULL),
('02014051757', '16.62', '3.23', '0.00', '0', '0.00', '2016-01-16 14:51:33', NULL, NULL, NULL),
('02015056121', '16.73', '4.09', '0.00', '0', '0.00', '2016-01-16 14:51:33', NULL, NULL, NULL),
('02014051674', '16.57', '2.24', '0.00', '0', '0.00', '2016-01-16 14:51:33', NULL, NULL, NULL),
('02015056141', '16.61', '2.68', '7.29', '18', '0.00', '2016-01-16 14:51:33', NULL, NULL, NULL),
('02014051757', '16.62', '3.17', '0.00', '0', '0.00', '2016-01-16 14:56:33', NULL, NULL, NULL),
('02015056141', '16.61', '2.62', '7.29', '18', '0.00', '2016-01-16 14:56:33', NULL, NULL, NULL),
('02014051674', '16.57', '2.28', '0.00', '0', '0.00', '2016-01-16 14:56:33', NULL, NULL, NULL),
('02015056121', '16.70', '3.91', '0.00', '0', '0.00', '2016-01-16 14:56:33', NULL, NULL, NULL),
('02014051757', '16.64', '3.16', '0.00', '0', '0.00', '2016-01-16 15:01:33', NULL, NULL, NULL),
('02015056121', '16.71', '3.64', '0.00', '0', '0.00', '2016-01-16 15:01:33', NULL, NULL, NULL),
('02014051674', '16.58', '2.35', '0.00', '0', '0.00', '2016-01-16 15:01:33', NULL, NULL, NULL),
('02015056141', '16.61', '2.69', '7.29', '18', '0.00', '2016-01-16 15:01:33', NULL, NULL, NULL),
('02015056121', '16.74', '3.99', '0.00', '0', '0.00', '2016-01-16 15:06:33', NULL, NULL, NULL),
('02015056141', '16.60', '2.60', '7.29', '18', '0.00', '2016-01-16 15:06:34', NULL, NULL, NULL),
('02014051674', '16.57', '2.29', '0.00', '0', '0.00', '2016-01-16 15:06:34', NULL, NULL, NULL),
('02014051757', '16.64', '3.24', '0.00', '0', '0.00', '2016-01-16 15:06:34', NULL, NULL, NULL),
('02014051757', '16.65', '3.39', '0.00', '0', '0.00', '2016-01-16 15:11:33', NULL, NULL, NULL),
('02015056121', '16.74', '4.41', '0.00', '0', '0.00', '2016-01-16 15:11:33', NULL, NULL, NULL),
('02015056141', '16.61', '2.58', '7.29', '18', '0.00', '2016-01-16 15:11:33', NULL, NULL, NULL),
('02014051674', '16.57', '2.28', '0.00', '0', '0.00', '2016-01-16 15:11:34', NULL, NULL, NULL),
('02014051757', '16.64', '3.40', '0.00', '0', '0.00', '2016-01-16 15:16:33', NULL, NULL, NULL),
('02015056121', '16.75', '4.38', '0.00', '0', '0.00', '2016-01-16 15:16:33', NULL, NULL, NULL),
('02014051674', '16.56', '2.25', '0.00', '0', '0.00', '2016-01-16 15:16:34', NULL, NULL, NULL),
('02015056141', '16.60', '2.63', '7.29', '18', '0.00', '2016-01-16 15:16:34', NULL, NULL, NULL),
('02015056141', '16.60', '2.62', '7.29', '18', '0.00', '2016-01-16 15:21:33', NULL, NULL, NULL),
('02014051674', '16.58', '2.28', '0.00', '0', '0.00', '2016-01-16 15:21:33', NULL, NULL, NULL),
('02014051757', '16.64', '3.24', '0.00', '0', '0.00', '2016-01-16 15:21:33', NULL, NULL, NULL),
('02015056121', '16.74', '4.01', '0.00', '0', '0.00', '2016-01-16 15:21:34', NULL, NULL, NULL),
('02015056121', '16.74', '4.06', '0.00', '0', '0.00', '2016-01-16 15:26:32', NULL, NULL, NULL),
('02015056141', '16.61', '2.65', '7.29', '18', '0.00', '2016-01-16 15:26:33', NULL, NULL, NULL),
('02014051674', '16.58', '2.30', '0.00', '0', '0.00', '2016-01-16 15:26:33', NULL, NULL, NULL),
('02014051757', '16.64', '3.31', '0.00', '0', '0.00', '2016-01-16 15:26:33', NULL, NULL, NULL),
('02015056121', '16.74', '4.02', '0.00', '0', '0.00', '2016-01-16 15:31:33', NULL, NULL, NULL),
('02015056141', '16.60', '2.62', '7.29', '18', '0.00', '2016-01-16 15:31:33', NULL, NULL, NULL),
('02014051674', '16.58', '2.30', '0.00', '0', '0.00', '2016-01-16 15:31:33', NULL, NULL, NULL),
('02014051757', '16.64', '3.29', '0.00', '0', '0.00', '2016-01-16 15:31:33', NULL, NULL, NULL),
('02015056141', '16.60', '2.67', '7.29', '18', '0.00', '2016-01-16 15:36:33', NULL, NULL, NULL),
('02015056121', '16.71', '3.99', '0.00', '0', '0.00', '2016-01-16 15:36:33', NULL, NULL, NULL),
('02014051757', '16.64', '3.15', '0.00', '0', '0.00', '2016-01-16 15:36:34', NULL, NULL, NULL),
('02014051674', '16.57', '2.28', '0.00', '0', '0.00', '2016-01-16 15:36:34', NULL, NULL, NULL),
('02014051757', '16.64', '3.13', '0.00', '0', '0.00', '2016-01-16 15:41:32', NULL, NULL, NULL),
('02015056121', '16.70', '3.75', '0.00', '0', '0.00', '2016-01-16 15:41:33', NULL, NULL, NULL),
('02015056141', '16.60', '2.64', '7.29', '18', '0.00', '2016-01-16 15:41:33', NULL, NULL, NULL),
('02014051674', '16.59', '2.26', '0.00', '0', '0.00', '2016-01-16 15:41:33', NULL, NULL, NULL),
('02014051757', '16.64', '3.19', '0.00', '0', '0.00', '2016-01-16 15:46:33', NULL, NULL, NULL),
('02015056121', '16.73', '4.16', '0.00', '0', '0.00', '2016-01-16 15:46:33', NULL, NULL, NULL),
('02014051674', '16.59', '2.13', '0.00', '0', '0.00', '2016-01-16 15:46:33', NULL, NULL, NULL),
('02014051757', '16.64', '3.07', '0.00', '0', '0.00', '2016-01-16 15:51:33', NULL, NULL, NULL),
('02015056121', '16.73', '4.08', '0.00', '0', '0.00', '2016-01-16 15:51:33', NULL, NULL, NULL),
('02015056141', '16.61', '2.69', '7.29', '18', '0.00', '2016-01-16 15:51:33', NULL, NULL, NULL),
('02014051674', '16.59', '2.17', '0.00', '0', '0.00', '2016-01-16 15:51:33', NULL, NULL, NULL),
('02015056121', '16.74', '3.95', '0.00', '0', '0.00', '2016-01-16 15:56:33', NULL, NULL, NULL),
('02015056141', '16.62', '2.68', '7.29', '18', '0.00', '2016-01-16 15:56:33', NULL, NULL, NULL),
('02014051674', '16.60', '2.21', '0.00', '0', '0.00', '2016-01-16 15:56:33', NULL, NULL, NULL),
('02014051757', '16.65', '3.33', '0.00', '0', '0.00', '2016-01-16 16:01:33', NULL, NULL, NULL),
('02015056121', '16.71', '3.96', '0.00', '0', '0.00', '2016-01-16 16:01:33', NULL, NULL, NULL),
('02014051674', '16.59', '2.20', '0.00', '0', '0.00', '2016-01-16 16:01:34', NULL, NULL, NULL),
('02015056141', '16.62', '2.59', '7.29', '18', '0.00', '2016-01-16 16:01:34', NULL, NULL, NULL),
('02014051757', '16.65', '3.31', '0.00', '0', '0.00', '2016-01-16 16:06:33', NULL, NULL, NULL),
('02015056121', '16.71', '3.70', '0.00', '0', '0.00', '2016-01-16 16:06:34', NULL, NULL, NULL),
('02014051674', '16.59', '2.30', '0.00', '0', '0.00', '2016-01-16 16:06:34', NULL, NULL, NULL),
('02015056141', '16.62', '2.67', '7.30', '18', '0.00', '2016-01-16 16:06:34', NULL, NULL, NULL),
('02014051757', '16.66', '3.38', '0.00', '0', '0.00', '2016-01-16 16:11:33', NULL, NULL, NULL),
('02015056121', '16.73', '3.97', '0.00', '0', '0.00', '2016-01-16 16:11:34', NULL, NULL, NULL),
('02014051674', '16.59', '2.21', '0.00', '0', '0.00', '2016-01-16 16:11:34', NULL, NULL, NULL),
('02015056141', '16.62', '2.64', '7.30', '18', '0.00', '2016-01-16 16:11:34', NULL, NULL, NULL),
('02014051674', '16.59', '2.18', '0.00', '0', '0.00', '2016-01-16 16:16:33', NULL, NULL, NULL),
('02015056141', '16.62', '2.51', '7.29', '18', '0.00', '2016-01-16 16:16:33', NULL, NULL, NULL),
('02015056121', '16.71', '4.01', '0.00', '0', '0.00', '2016-01-16 16:16:34', NULL, NULL, NULL),
('02014051757', '16.67', '3.48', '0.00', '0', '0.00', '2016-01-16 16:16:34', NULL, NULL, NULL),
('02015056121', '16.70', '4.00', '0.00', '0', '0.00', '2016-01-16 16:21:33', NULL, NULL, NULL),
('02015056141', '16.62', '2.51', '7.29', '18', '0.00', '2016-01-16 16:21:33', NULL, NULL, NULL),
('02014051674', '16.60', '2.20', '0.00', '0', '0.00', '2016-01-16 16:21:34', NULL, NULL, NULL),
('02014051757', '16.66', '3.40', '0.00', '0', '0.00', '2016-01-16 16:21:34', NULL, NULL, NULL),
('02015056121', '16.73', '3.95', '0.00', '0', '0.00', '2016-01-16 16:26:33', NULL, NULL, NULL),
('02015056141', '16.62', '2.46', '7.30', '18', '0.00', '2016-01-16 16:26:34', NULL, NULL, NULL),
('02014051757', '16.65', '3.25', '0.00', '0', '0.00', '2016-01-16 16:26:34', NULL, NULL, NULL),
('02014051674', '16.61', '2.21', '0.00', '0', '0.00', '2016-01-16 16:26:35', NULL, NULL, NULL),
('02015056121', '16.71', '4.11', '0.00', '0', '0.00', '2016-01-16 16:31:33', NULL, NULL, NULL),
('02014051757', '16.66', '3.42', '0.00', '0', '0.00', '2016-01-16 16:31:34', NULL, NULL, NULL),
('02015056141', '16.62', '2.45', '7.29', '18', '0.00', '2016-01-16 16:31:34', NULL, NULL, NULL),
('02014051674', '16.60', '2.17', '0.00', '0', '0.00', '2016-01-16 16:31:34', NULL, NULL, NULL),
('02014051757', '16.67', '3.75', '0.00', '0', '0.00', '2016-01-16 16:36:33', NULL, NULL, NULL),
('02015056141', '16.64', '2.46', '7.30', '18', '0.00', '2016-01-16 16:36:33', NULL, NULL, NULL),
('02014051674', '16.60', '2.39', '0.00', '0', '0.00', '2016-01-16 16:36:33', NULL, NULL, NULL),
('02015056121', '16.74', '3.88', '0.00', '0', '0.00', '2016-01-16 16:36:33', NULL, NULL, NULL),
('02014051674', '16.60', '2.32', '0.00', '0', '0.00', '2016-01-16 16:41:33', NULL, NULL, NULL),
('02015056141', '16.62', '2.52', '7.29', '18', '0.00', '2016-01-16 16:41:33', NULL, NULL, NULL),
('02014051757', '16.68', '3.70', '0.00', '0', '0.00', '2016-01-16 16:41:33', NULL, NULL, NULL),
('02015056121', '16.75', '3.89', '0.00', '0', '0.00', '2016-01-16 16:41:33', NULL, NULL, NULL),
('02014051757', '16.67', '3.68', '0.00', '0', '0.00', '2016-01-16 16:46:33', NULL, NULL, NULL),
('02015056141', '16.64', '2.54', '7.29', '18', '0.00', '2016-01-16 16:46:33', NULL, NULL, NULL),
('02014051674', '16.62', '2.29', '0.00', '0', '0.00', '2016-01-16 16:46:33', NULL, NULL, NULL),
('02015056121', '16.73', '3.80', '0.00', '0', '0.00', '2016-01-16 16:46:33', NULL, NULL, NULL),
('02014051757', '16.68', '3.72', '0.00', '0', '0.00', '2016-01-16 16:51:33', NULL, NULL, NULL),
('02015056141', '16.64', '2.58', '7.29', '18', '0.00', '2016-01-16 16:51:33', NULL, NULL, NULL),
('02015056121', '16.71', '3.81', '0.00', '0', '0.00', '2016-01-16 16:51:33', NULL, NULL, NULL),
('02014051674', '16.61', '2.63', '0.00', '0', '0.00', '2016-01-16 16:51:34', NULL, NULL, NULL),
('02014051757', '16.68', '3.48', '0.00', '0', '0.00', '2016-01-16 16:56:33', NULL, NULL, NULL),
('02015056121', '16.73', '3.81', '0.00', '0', '0.00', '2016-01-16 16:56:33', NULL, NULL, NULL),
('02014051674', '16.60', '2.46', '0.00', '0', '0.00', '2016-01-16 16:56:34', NULL, NULL, NULL),
('02015056141', '16.64', '2.48', '7.29', '18', '0.00', '2016-01-16 16:56:34', NULL, NULL, NULL),
('02014051757', '16.68', '3.63', '0.00', '0', '0.00', '2016-01-16 17:01:33', NULL, NULL, NULL),
('02014051674', '16.59', '2.34', '0.00', '0', '0.00', '2016-01-16 17:01:33', NULL, NULL, NULL),
('02015056141', '16.66', '2.68', '7.29', '18', '0.00', '2016-01-16 17:01:33', NULL, NULL, NULL),
('02015056121', '16.70', '3.77', '0.00', '0', '0.00', '2016-01-16 17:01:34', NULL, NULL, NULL),
('02014051757', '16.68', '3.74', '0.00', '0', '0.00', '2016-01-16 17:06:33', NULL, NULL, NULL),
('02015056141', '16.65', '2.80', '7.28', '18', '0.00', '2016-01-16 17:06:33', NULL, NULL, NULL),
('02014051674', '16.61', '2.29', '0.00', '0', '0.00', '2016-01-16 17:06:34', NULL, NULL, NULL),
('02015056121', '16.70', '3.29', '0.00', '0', '0.00', '2016-01-16 17:06:34', NULL, NULL, NULL),
('02015056141', '16.64', '2.66', '7.28', '18', '0.00', '2016-01-16 17:11:33', NULL, NULL, NULL),
('02014051674', '16.61', '2.32', '0.00', '0', '0.00', '2016-01-16 17:11:33', NULL, NULL, NULL),
('02014051757', '16.67', '3.66', '0.00', '0', '0.00', '2016-01-16 17:11:34', NULL, NULL, NULL),
('02015056121', '16.70', '3.45', '0.00', '0', '0.00', '2016-01-16 17:11:34', NULL, NULL, NULL),
('02015056121', '16.70', '3.58', '0.00', '0', '0.00', '2016-01-16 17:16:33', NULL, NULL, NULL),
('02015056141', '16.65', '2.54', '7.28', '18', '0.00', '2016-01-16 17:16:34', NULL, NULL, NULL),
('02014051674', '16.61', '2.55', '0.00', '0', '0.00', '2016-01-16 17:16:34', NULL, NULL, NULL),
('02014051757', '16.69', '3.77', '0.00', '0', '0.00', '2016-01-16 17:16:35', NULL, NULL, NULL),
('02015056121', '16.71', '3.56', '0.00', '0', '0.00', '2016-01-16 17:21:33', NULL, NULL, NULL),
('02014051674', '16.60', '2.34', '0.00', '0', '0.00', '2016-01-16 17:21:34', NULL, NULL, NULL),
('02014051757', '16.68', '3.78', '0.00', '0', '0.00', '2016-01-16 17:21:34', NULL, NULL, NULL),
('02014051674', '16.62', '2.46', '0.00', '0', '0.00', '2016-01-16 17:26:33', NULL, NULL, NULL),
('02014051757', '16.68', '3.81', '0.00', '0', '0.00', '2016-01-16 17:26:33', NULL, NULL, NULL),
('02015056121', '16.71', '3.50', '0.00', '0', '0.00', '2016-01-16 17:26:33', NULL, NULL, NULL),
('02015056141', '16.66', '2.56', '7.28', '18', '0.00', '2016-01-16 17:26:34', NULL, NULL, NULL),
('02015056141', '16.64', '2.64', '7.29', '18', '0.00', '2016-01-16 17:31:33', NULL, NULL, NULL),
('02014051757', '16.68', '3.67', '0.00', '0', '0.00', '2016-01-16 17:31:33', NULL, NULL, NULL),
('02014051674', '16.60', '2.25', '0.00', '0', '0.00', '2016-01-16 17:31:34', NULL, NULL, NULL),
('02015056121', '16.70', '3.51', '0.00', '0', '0.00', '2016-01-16 17:31:34', NULL, NULL, NULL),
('02015056121', '16.70', '3.56', '0.00', '0', '0.00', '2016-01-16 17:36:33', NULL, NULL, NULL),
('02015056141', '16.62', '2.73', '7.29', '18', '0.00', '2016-01-16 17:36:33', NULL, NULL, NULL),
('02014051674', '16.60', '2.18', '0.00', '0', '0.00', '2016-01-16 17:36:33', NULL, NULL, NULL),
('02014051757', '16.68', '3.85', '0.00', '0', '0.00', '2016-01-16 17:36:34', NULL, NULL, NULL),
('02015056121', '16.70', '3.49', '0.00', '0', '0.00', '2016-01-16 17:41:33', NULL, NULL, NULL),
('02015056141', '16.62', '2.59', '7.29', '18', '0.00', '2016-01-16 17:41:33', NULL, NULL, NULL),
('02014051674', '16.61', '2.17', '0.00', '0', '0.00', '2016-01-16 17:41:33', NULL, NULL, NULL),
('02014051757', '16.67', '3.60', '0.00', '0', '0.00', '2016-01-16 17:41:34', NULL, NULL, NULL),
('02015056121', '16.70', '3.41', '0.00', '0', '0.00', '2016-01-16 17:46:33', NULL, NULL, NULL),
('02015056141', '16.65', '2.53', '7.29', '18', '0.00', '2016-01-16 17:46:33', NULL, NULL, NULL),
('02014051757', '16.67', '3.51', '0.00', '0', '0.00', '2016-01-16 17:46:34', NULL, NULL, NULL),
('02014051674', '16.60', '2.31', '0.00', '0', '0.00', '2016-01-16 17:46:34', NULL, NULL, NULL),
('02014051757', '16.67', '3.77', '0.00', '0', '0.00', '2016-01-16 17:51:33', NULL, NULL, NULL),
('02015056141', '16.62', '2.57', '7.29', '18', '0.00', '2016-01-16 17:51:33', NULL, NULL, NULL),
('02014051674', '16.62', '2.39', '0.00', '0', '0.00', '2016-01-16 17:51:33', NULL, NULL, NULL),
('02015056121', '16.69', '3.35', '0.00', '0', '0.00', '2016-01-16 17:51:34', NULL, NULL, NULL),
('02014051674', '16.62', '2.26', '0.00', '0', '0.00', '2016-01-16 17:56:33', NULL, NULL, NULL),
('02015056141', '16.64', '2.50', '7.28', '18', '0.00', '2016-01-16 17:56:34', NULL, NULL, NULL),
('02015056121', '16.69', '3.27', '0.00', '0', '0.00', '2016-01-16 17:56:34', NULL, NULL, NULL),
('02014051757', '16.67', '3.57', '0.00', '0', '0.00', '2016-01-16 17:56:36', NULL, NULL, NULL),
('02014051757', '16.66', '3.50', '0.00', '0', '0.00', '2016-01-16 18:01:33', NULL, NULL, NULL),
('02015056121', '16.70', '3.46', '0.00', '0', '0.00', '2016-01-16 18:01:33', NULL, NULL, NULL),
('02014051674', '16.62', '2.21', '0.00', '0', '0.00', '2016-01-16 18:01:33', NULL, NULL, NULL),
('02015056141', '16.64', '2.61', '7.29', '18', '0.00', '2016-01-16 18:01:33', NULL, NULL, NULL),
('02015056121', '16.70', '3.40', '0.00', '0', '0.00', '2016-01-16 18:06:33', NULL, NULL, NULL),
('02015056141', '16.65', '2.69', '7.29', '18', '0.00', '2016-01-16 18:06:33', NULL, NULL, NULL),
('02014051674', '16.62', '2.27', '0.00', '0', '0.00', '2016-01-16 18:06:34', NULL, NULL, NULL),
('02014051757', '16.66', '3.60', '0.00', '0', '0.00', '2016-01-16 18:06:35', NULL, NULL, NULL),
('02014051757', '16.65', '3.62', '0.00', '0', '0.00', '2016-01-16 18:11:33', NULL, NULL, NULL),
('02015056121', '16.69', '3.25', '0.00', '0', '0.00', '2016-01-16 18:11:34', NULL, NULL, NULL),
('02014051674', '16.62', '2.28', '0.00', '0', '0.00', '2016-01-16 18:11:34', NULL, NULL, NULL),
('02015056141', '16.64', '2.70', '7.29', '18', '0.00', '2016-01-16 18:11:34', NULL, NULL, NULL),
('02014051757', '16.65', '3.21', '0.00', '0', '0.00', '2016-01-16 18:16:33', NULL, NULL, NULL),
('02015056121', '16.68', '3.14', '0.00', '0', '0.00', '2016-01-16 18:16:34', NULL, NULL, NULL),
('02014051674', '16.62', '2.24', '0.00', '0', '0.00', '2016-01-16 18:16:34', NULL, NULL, NULL),
('02015056141', '16.66', '2.64', '7.29', '18', '0.00', '2016-01-16 18:16:34', NULL, NULL, NULL),
('02015056141', '16.66', '2.61', '7.29', '18', '0.00', '2016-01-16 18:21:33', NULL, NULL, NULL),
('02014051674', '16.62', '2.21', '0.00', '0', '0.00', '2016-01-16 18:21:33', NULL, NULL, NULL),
('02014051757', '16.66', '3.35', '0.00', '0', '0.00', '2016-01-16 18:21:33', NULL, NULL, NULL),
('02015056121', '16.68', '3.10', '0.00', '0', '0.00', '2016-01-16 18:21:34', NULL, NULL, NULL),
('02015056121', '16.68', '3.14', '0.00', '0', '0.00', '2016-01-16 18:26:33', NULL, NULL, NULL),
('02015056141', '16.66', '2.50', '7.31', '18', '0.00', '2016-01-16 18:26:33', NULL, NULL, NULL),
('02014051674', '16.62', '2.18', '0.00', '0', '0.00', '2016-01-16 18:26:33', NULL, NULL, NULL),
('02014051757', '16.65', '3.54', '0.00', '0', '0.00', '2016-01-16 18:26:33', NULL, NULL, NULL),
('02015056141', '16.64', '2.84', '7.31', '18', '0.00', '2016-01-16 18:31:33', NULL, NULL, NULL),
('02014051674', '16.64', '2.20', '0.00', '0', '0.00', '2016-01-16 18:31:33', NULL, NULL, NULL),
('02015056121', '16.69', '3.15', '0.00', '0', '0.00', '2016-01-16 18:31:35', NULL, NULL, NULL),
('02014051757', '16.66', '3.56', '0.00', '0', '0.00', '2016-01-16 18:31:36', NULL, NULL, NULL),
('02015056121', '16.70', '3.07', '0.00', '0', '0.00', '2016-01-16 18:36:33', NULL, NULL, NULL),
('02015056141', '16.66', '2.70', '7.30', '18', '0.00', '2016-01-16 18:36:33', NULL, NULL, NULL),
('02014051674', '16.64', '2.27', '0.00', '0', '0.00', '2016-01-16 18:36:33', NULL, NULL, NULL),
('02014051757', '16.65', '3.19', '0.00', '0', '0.00', '2016-01-16 18:36:34', NULL, NULL, NULL),
('02014051757', '16.65', '3.42', '0.00', '0', '0.00', '2016-01-16 18:41:33', NULL, NULL, NULL),
('02014051674', '16.62', '2.29', '0.00', '0', '0.00', '2016-01-16 18:41:33', NULL, NULL, NULL),
('02015056141', '16.66', '2.68', '7.30', '18', '0.00', '2016-01-16 18:41:33', NULL, NULL, NULL),
('02015056121', '16.68', '3.11', '0.00', '0', '0.00', '2016-01-16 18:41:35', NULL, NULL, NULL),
('02014051757', '16.65', '3.37', '0.00', '0', '0.00', '2016-01-16 18:46:33', NULL, NULL, NULL),
('02014051674', '16.64', '2.21', '0.00', '0', '0.00', '2016-01-16 18:46:33', NULL, NULL, NULL),
('02015056141', '16.66', '2.94', '7.32', '18', '0.00', '2016-01-16 18:46:33', NULL, NULL, NULL),
('02015056121', '16.69', '3.00', '0.00', '0', '0.00', '2016-01-16 18:46:34', NULL, NULL, NULL),
('02014051757', '16.64', '3.31', '0.00', '0', '0.00', '2016-01-16 18:51:33', NULL, NULL, NULL),
('02015056121', '16.69', '2.98', '0.00', '0', '0.00', '2016-01-16 18:51:33', NULL, NULL, NULL),
('02014051674', '16.64', '2.20', '0.00', '0', '0.00', '2016-01-16 18:51:33', NULL, NULL, NULL),
('02014051757', '16.64', '3.24', '0.00', '0', '0.00', '2016-01-16 18:56:33', NULL, NULL, NULL),
('02015056141', '16.65', '2.81', '7.31', '18', '0.00', '2016-01-16 18:56:34', NULL, NULL, NULL),
('02014051674', '16.64', '2.12', '0.00', '0', '0.00', '2016-01-16 18:56:34', NULL, NULL, NULL),
('02015056121', '16.69', '3.05', '0.00', '0', '0.00', '2016-01-16 18:56:35', NULL, NULL, NULL),
('02014051757', '16.64', '3.19', '0.00', '0', '0.00', '2016-01-16 19:01:33', NULL, NULL, NULL),
('02015056141', '16.67', '2.85', '7.31', '18', '0.00', '2016-01-16 19:01:34', NULL, NULL, NULL),
('02014051674', '16.62', '2.06', '0.00', '0', '0.00', '2016-01-16 19:01:34', NULL, NULL, NULL),
('02015056121', '16.68', '3.08', '0.00', '0', '0.00', '2016-01-16 19:01:34', NULL, NULL, NULL),
('02015056141', '16.66', '2.96', '7.31', '18', '0.00', '2016-01-16 19:06:34', NULL, NULL, NULL),
('02014051674', '16.64', '2.10', '0.00', '0', '0.00', '2016-01-16 19:06:34', NULL, NULL, NULL),
('02015056121', '16.68', '3.05', '0.00', '0', '0.00', '2016-01-16 19:06:34', NULL, NULL, NULL),
('02014051757', '16.65', '3.08', '0.00', '0', '0.00', '2016-01-16 19:06:35', NULL, NULL, NULL),
('02014051757', '16.64', '3.12', '0.00', '0', '0.00', '2016-01-16 19:11:33', NULL, NULL, NULL),
('02015056121', '16.67', '2.99', '0.00', '0', '0.00', '2016-01-16 19:11:34', NULL, NULL, NULL),
('02015056141', '16.65', '2.88', '7.31', '18', '0.00', '2016-01-16 19:11:34', NULL, NULL, NULL),
('02014051674', '16.62', '2.18', '0.00', '0', '0.00', '2016-01-16 19:11:34', NULL, NULL, NULL),
('02015056141', '16.65', '2.86', '7.31', '18', '0.00', '2016-01-16 19:16:33', NULL, NULL, NULL),
('02014051674', '16.64', '2.09', '0.00', '0', '0.00', '2016-01-16 19:16:33', NULL, NULL, NULL),
('02014051757', '16.62', '2.99', '0.00', '0', '0.00', '2016-01-16 19:16:33', NULL, NULL, NULL),
('02015056121', '16.68', '3.08', '0.00', '0', '0.00', '2016-01-16 19:16:34', NULL, NULL, NULL),
('02015056121', '16.68', '3.08', '0.00', '0', '0.00', '2016-01-16 19:21:33', NULL, NULL, NULL),
('02015056141', '16.64', '2.83', '7.31', '18', '0.00', '2016-01-16 19:21:33', NULL, NULL, NULL),
('02014051757', '16.62', '2.93', '0.00', '0', '0.00', '2016-01-16 19:21:34', NULL, NULL, NULL),
('02014051674', '16.62', '2.06', '0.00', '0', '0.00', '2016-01-16 19:21:34', NULL, NULL, NULL),
('02015056121', '16.69', '3.11', '0.00', '0', '0.00', '2016-01-16 19:26:33', NULL, NULL, NULL),
('02015056141', '16.64', '2.79', '7.32', '18', '0.00', '2016-01-16 19:26:33', NULL, NULL, NULL),
('02014051757', '16.64', '2.99', '0.00', '0', '0.00', '2016-01-16 19:26:34', NULL, NULL, NULL),
('02014051674', '16.62', '2.14', '0.00', '0', '0.00', '2016-01-16 19:26:34', NULL, NULL, NULL),
('02015056141', '16.64', '2.83', '7.32', '18', '0.00', '2016-01-16 19:31:33', NULL, NULL, NULL),
('02015056121', '16.69', '3.03', '0.00', '0', '0.00', '2016-01-16 19:31:33', NULL, NULL, NULL),
('02014051674', '16.62', '2.12', '0.00', '0', '0.00', '2016-01-16 19:31:33', NULL, NULL, NULL),
('02014051757', '16.62', '3.05', '0.00', '0', '0.00', '2016-01-16 19:31:34', NULL, NULL, NULL),
('02014051757', '16.61', '2.91', '0.00', '0', '0.00', '2016-01-16 19:36:33', NULL, NULL, NULL),
('02015056121', '16.69', '3.05', '0.00', '0', '0.00', '2016-01-16 19:36:33', NULL, NULL, NULL),
('02015056141', '16.65', '2.90', '7.32', '18', '0.00', '2016-01-16 19:36:33', NULL, NULL, NULL),
('02014051674', '16.64', '2.07', '0.00', '0', '0.00', '2016-01-16 19:36:33', NULL, NULL, NULL),
('02014051757', '16.62', '2.89', '0.00', '0', '0.00', '2016-01-16 19:41:33', NULL, NULL, NULL),
('02015056141', '16.65', '2.81', '7.32', '18', '0.00', '2016-01-16 19:41:33', NULL, NULL, NULL),
('02014051674', '16.64', '2.06', '0.00', '0', '0.00', '2016-01-16 19:41:33', NULL, NULL, NULL),
('02015056121', '16.68', '2.99', '0.00', '0', '0.00', '2016-01-16 19:41:35', NULL, NULL, NULL),
('02015056141', '16.65', '2.77', '7.31', '18', '0.00', '2016-01-16 19:46:33', NULL, NULL, NULL),
('02015056121', '16.68', '2.95', '0.00', '0', '0.00', '2016-01-16 19:46:33', NULL, NULL, NULL),
('02014051674', '16.64', '2.06', '0.00', '0', '0.00', '2016-01-16 19:46:34', NULL, NULL, NULL),
('02014051757', '16.62', '2.84', '0.00', '0', '0.00', '2016-01-16 19:46:38', NULL, NULL, NULL),
('02014051674', '16.65', '2.17', '0.00', '0', '0.00', '2016-01-16 19:51:33', NULL, NULL, NULL),
('02015056141', '16.64', '2.76', '7.31', '18', '0.00', '2016-01-16 19:51:33', NULL, NULL, NULL),
('02014051757', '16.62', '2.80', '0.00', '0', '0.00', '2016-01-16 19:51:33', NULL, NULL, NULL),
('02015056121', '16.67', '2.89', '0.00', '0', '0.00', '2016-01-16 19:51:33', NULL, NULL, NULL),
('02014051674', '16.65', '2.18', '0.00', '0', '0.00', '2016-01-16 19:56:33', NULL, NULL, NULL),
('02015056141', '16.64', '2.70', '7.32', '18', '0.00', '2016-01-16 19:56:33', NULL, NULL, NULL),
('02015056121', '16.67', '2.77', '0.00', '0', '0.00', '2016-01-16 19:56:34', NULL, NULL, NULL),
('02014051757', '16.62', '2.75', '0.00', '0', '0.00', '2016-01-16 19:56:34', NULL, NULL, NULL),
('02014051757', '16.62', '2.71', '0.00', '0', '0.00', '2016-01-16 20:01:33', NULL, NULL, NULL),
('02015056141', '16.64', '2.62', '7.32', '18', '0.00', '2016-01-16 20:01:34', NULL, NULL, NULL),
('02014051674', '16.64', '2.11', '0.00', '0', '0.00', '2016-01-16 20:01:34', NULL, NULL, NULL),
('02015056121', '16.68', '2.70', '0.00', '0', '0.00', '2016-01-16 20:01:34', NULL, NULL, NULL),
('02014051757', '16.62', '2.68', '0.00', '0', '0.00', '2016-01-16 20:06:33', NULL, NULL, NULL),
('02014051674', '16.62', '2.18', '0.00', '0', '0.00', '2016-01-16 20:06:34', NULL, NULL, NULL),
('02015056121', '16.68', '2.75', '0.00', '0', '0.00', '2016-01-16 20:06:34', NULL, NULL, NULL),
('02015056141', '16.65', '2.59', '7.31', '18', '0.00', '2016-01-16 20:06:34', NULL, NULL, NULL),
('02015056141', '16.64', '2.51', '7.31', '18', '0.00', '2016-01-16 20:11:34', NULL, NULL, NULL),
('02014051674', '16.65', '2.22', '0.00', '0', '0.00', '2016-01-16 20:11:34', NULL, NULL, NULL),
('02014051757', '16.62', '2.62', '0.00', '0', '0.00', '2016-01-16 20:11:34', NULL, NULL, NULL),
('02015056121', '16.69', '2.77', '0.00', '0', '0.00', '2016-01-16 20:11:34', NULL, NULL, NULL),
('02015056121', '16.68', '2.72', '0.00', '0', '0.00', '2016-01-16 20:16:33', NULL, NULL, NULL),
('02014051757', '16.62', '2.58', '0.00', '0', '0.00', '2016-01-16 20:16:34', NULL, NULL, NULL),
('02015056141', '16.65', '2.49', '7.30', '18', '0.00', '2016-01-16 20:16:34', NULL, NULL, NULL),
('02014051674', '16.64', '2.17', '0.00', '0', '0.00', '2016-01-16 20:16:34', NULL, NULL, NULL),
('02015056121', '16.68', '2.72', '0.00', '0', '0.00', '2016-01-16 20:21:33', NULL, NULL, NULL),
('02014051757', '16.62', '2.61', '0.00', '0', '0.00', '2016-01-16 20:21:34', NULL, NULL, NULL),
('02014051674', '16.65', '2.23', '0.00', '0', '0.00', '2016-01-16 20:21:34', NULL, NULL, NULL),
('02015056141', '16.64', '2.48', '7.30', '18', '0.00', '2016-01-16 20:21:35', NULL, NULL, NULL),
('02015056121', '16.68', '2.70', '0.00', '0', '0.00', '2016-01-16 20:26:33', NULL, NULL, NULL),
('02014051757', '16.62', '2.60', '0.00', '0', '0.00', '2016-01-16 20:26:34', NULL, NULL, NULL),
('02015056141', '16.65', '2.45', '7.30', '18', '0.00', '2016-01-16 20:26:34', NULL, NULL, NULL),
('02014051674', '16.65', '2.24', '0.00', '0', '0.00', '2016-01-16 20:26:34', NULL, NULL, NULL),
('02014051757', '16.62', '2.56', '0.00', '0', '0.00', '2016-01-16 20:31:33', NULL, NULL, NULL),
('02015056141', '16.65', '2.44', '7.29', '18', '0.00', '2016-01-16 20:31:33', NULL, NULL, NULL),
('02014051674', '16.65', '2.33', '0.00', '0', '0.00', '2016-01-16 20:31:33', NULL, NULL, NULL),
('02015056121', '16.69', '2.62', '0.00', '0', '0.00', '2016-01-16 20:31:33', NULL, NULL, NULL),
('02014051757', '16.62', '2.56', '0.00', '0', '0.00', '2016-01-16 20:36:33', NULL, NULL, NULL),
('02015056141', '16.64', '2.35', '7.29', '18', '0.00', '2016-01-16 20:36:33', NULL, NULL, NULL),
('02015056121', '16.69', '2.52', '0.00', '0', '0.00', '2016-01-16 20:36:33', NULL, NULL, NULL),
('02014051674', '16.64', '2.23', '0.00', '0', '0.00', '2016-01-16 20:36:34', NULL, NULL, NULL),
('02015056141', '16.64', '2.34', '7.29', '18', '0.00', '2016-01-16 20:41:33', NULL, NULL, NULL),
('02014051674', '16.66', '2.23', '0.00', '0', '0.00', '2016-01-16 20:41:33', NULL, NULL, NULL),
('02015056121', '16.68', '2.51', '0.00', '0', '0.00', '2016-01-16 20:41:33', NULL, NULL, NULL),
('02014051757', '16.62', '2.51', '0.00', '0', '0.00', '2016-01-16 20:41:34', NULL, NULL, NULL),
('02015056141', '16.65', '2.35', '7.29', '18', '0.00', '2016-01-16 20:46:33', NULL, NULL, NULL),
('02014051674', '16.65', '2.33', '0.00', '0', '0.00', '2016-01-16 20:46:33', NULL, NULL, NULL),
('02014051757', '16.62', '2.45', '0.00', '0', '0.00', '2016-01-16 20:46:34', NULL, NULL, NULL),
('02015056121', '16.69', '2.51', '0.00', '0', '0.00', '2016-01-16 20:46:34', NULL, NULL, NULL),
('02014051674', '16.62', '2.33', '0.00', '0', '0.00', '2016-01-16 20:51:33', NULL, NULL, NULL),
('02015056141', '16.62', '2.31', '7.29', '18', '0.00', '2016-01-16 20:51:33', NULL, NULL, NULL),
('02014051757', '16.62', '2.49', '0.00', '0', '0.00', '2016-01-16 20:51:33', NULL, NULL, NULL),
('02015056121', '16.69', '2.45', '0.00', '0', '0.00', '2016-01-16 20:51:34', NULL, NULL, NULL),
('02014051757', '16.62', '2.44', '0.00', '0', '0.00', '2016-01-16 20:56:33', NULL, NULL, NULL),
('02015056141', '16.65', '2.19', '7.28', '18', '0.00', '2016-01-16 20:56:33', NULL, NULL, NULL),
('02014051674', '16.64', '2.28', '0.00', '0', '0.00', '2016-01-16 20:56:34', NULL, NULL, NULL),
('02015056121', '16.70', '2.48', '0.00', '0', '0.00', '2016-01-16 20:56:34', NULL, NULL, NULL),
('02015056121', '16.70', '2.55', '0.00', '0', '0.00', '2016-01-16 21:01:34', NULL, NULL, NULL),
('02014051674', '16.65', '2.26', '0.00', '0', '0.00', '2016-01-16 21:01:34', NULL, NULL, NULL),
('02014051757', '16.62', '2.37', '0.00', '0', '0.00', '2016-01-16 21:01:34', NULL, NULL, NULL),
('02015056141', '16.66', '2.19', '7.28', '18', '0.00', '2016-01-16 21:01:35', NULL, NULL, NULL),
('02014051757', '16.62', '2.26', '0.00', '0', '0.00', '2016-01-16 21:06:34', NULL, NULL, NULL),
('02014051674', '16.64', '2.25', '0.00', '0', '0.00', '2016-01-16 21:06:34', NULL, NULL, NULL),
('02015056121', '16.69', '2.59', '0.00', '0', '0.00', '2016-01-16 21:06:34', NULL, NULL, NULL),
('02014051757', '16.62', '2.20', '0.00', '0', '0.00', '2016-01-16 21:11:33', NULL, NULL, NULL),
('02015056141', '16.65', '2.10', '7.28', '18', '0.00', '2016-01-16 21:11:34', NULL, NULL, NULL),
('02015056121', '16.70', '2.54', '0.00', '0', '0.00', '2016-01-16 21:11:34', NULL, NULL, NULL),
('02014051674', '16.65', '2.25', '0.00', '0', '0.00', '2016-01-16 21:11:34', NULL, NULL, NULL),
('02014051757', '16.62', '2.32', '0.00', '0', '0.00', '2016-01-16 21:16:33', NULL, NULL, NULL),
('02015056121', '16.70', '2.56', '0.00', '0', '0.00', '2016-01-16 21:16:34', NULL, NULL, NULL),
('02014051674', '16.65', '2.36', '0.00', '0', '0.00', '2016-01-16 21:16:34', NULL, NULL, NULL),
('02015056141', '16.65', '2.06', '7.27', '18', '0.00', '2016-01-16 21:16:34', NULL, NULL, NULL),
('02014051757', '16.62', '2.24', '0.00', '0', '0.00', '2016-01-16 21:21:33', NULL, NULL, NULL),
('02015056121', '16.68', '2.64', '0.00', '0', '0.00', '2016-01-16 21:21:34', NULL, NULL, NULL),
('02015056141', '16.66', '2.08', '7.27', '18', '0.00', '2016-01-16 21:21:34', NULL, NULL, NULL),
('02014051674', '16.64', '2.38', '0.00', '0', '0.00', '2016-01-16 21:21:35', NULL, NULL, NULL),
('02014051674', '16.64', '2.43', '0.00', '0', '0.00', '2016-01-16 21:26:33', NULL, NULL, NULL),
('02014051757', '16.62', '2.21', '0.00', '0', '0.00', '2016-01-16 21:26:34', NULL, NULL, NULL),
('02015056121', '16.69', '2.67', '0.00', '0', '0.00', '2016-01-16 21:26:34', NULL, NULL, NULL),
('02015056141', '16.65', '2.05', '7.27', '18', '0.00', '2016-01-16 21:26:34', NULL, NULL, NULL),
('02015056141', '16.66', '2.04', '7.27', '18', '0.00', '2016-01-16 21:31:33', NULL, NULL, NULL),
('02014051757', '16.64', '2.15', '0.00', '0', '0.00', '2016-01-16 21:31:34', NULL, NULL, NULL),
('02015056121', '16.68', '2.63', '0.00', '0', '0.00', '2016-01-16 21:31:34', NULL, NULL, NULL),
('02014051674', '16.66', '2.39', '0.00', '0', '0.00', '2016-01-16 21:31:34', NULL, NULL, NULL),
('02015056121', '16.69', '2.63', '0.00', '0', '0.00', '2016-01-16 21:36:33', NULL, NULL, NULL),
('02015056141', '16.66', '1.98', '7.27', '18', '0.00', '2016-01-16 21:36:33', NULL, NULL, NULL),
('02014051674', '16.65', '2.33', '0.00', '0', '0.00', '2016-01-16 21:36:33', NULL, NULL, NULL),
('02014051757', '16.64', '2.23', '0.00', '0', '0.00', '2016-01-16 21:36:34', NULL, NULL, NULL),
('02015056121', '16.68', '2.66', '0.00', '0', '0.00', '2016-01-16 21:41:33', NULL, NULL, NULL),
('02014051674', '16.65', '2.42', '0.00', '0', '0.00', '2016-01-16 21:41:33', NULL, NULL, NULL),
('02015056141', '16.65', '1.95', '7.27', '18', '0.00', '2016-01-16 21:41:33', NULL, NULL, NULL),
('02014051757', '16.64', '2.16', '0.00', '0', '0.00', '2016-01-16 21:41:34', NULL, NULL, NULL),
('02014051757', '16.62', '2.14', '0.00', '0', '0.00', '2016-01-16 21:46:33', NULL, NULL, NULL),
('02015056141', '16.65', '1.98', '7.26', '18', '0.00', '2016-01-16 21:46:33', NULL, NULL, NULL),
('02014051674', '16.64', '2.44', '0.00', '0', '0.00', '2016-01-16 21:46:33', NULL, NULL, NULL),
('02015056121', '16.68', '2.68', '0.00', '0', '0.00', '2016-01-16 21:46:34', NULL, NULL, NULL),
('02015056121', '16.67', '2.78', '0.00', '0', '0.00', '2016-01-16 21:51:33', NULL, NULL, NULL),
('02015056141', '16.66', '1.93', '7.26', '18', '0.00', '2016-01-16 21:51:34', NULL, NULL, NULL),
('02014051674', '16.62', '2.56', '0.00', '0', '0.00', '2016-01-16 21:51:34', NULL, NULL, NULL),
('02014051757', '16.65', '2.10', '0.00', '0', '0.00', '2016-01-16 21:51:34', NULL, NULL, NULL),
('02014051757', '16.64', '1.99', '0.00', '0', '0.00', '2016-01-16 21:56:33', NULL, NULL, NULL),
('02015056121', '16.67', '2.81', '0.00', '0', '0.00', '2016-01-16 21:56:33', NULL, NULL, NULL),
('02014051674', '16.64', '2.51', '0.00', '0', '0.00', '2016-01-16 21:56:34', NULL, NULL, NULL),
('02015056141', '16.65', '1.88', '7.26', '18', '0.00', '2016-01-16 21:56:34', NULL, NULL, NULL),
('02014051757', '16.62', '1.96', '0.00', '0', '0.00', '2016-01-16 22:01:33', NULL, NULL, NULL),
('02015056121', '16.66', '2.82', '0.00', '0', '0.00', '2016-01-16 22:01:34', NULL, NULL, NULL),
('02015056141', '16.66', '1.91', '7.26', '18', '0.00', '2016-01-16 22:01:34', NULL, NULL, NULL),
('02014051674', '16.65', '2.48', '0.00', '0', '0.00', '2016-01-16 22:01:34', NULL, NULL, NULL),
('02014051757', '16.62', '2.01', '0.00', '0', '0.00', '2016-01-16 22:06:33', NULL, NULL, NULL),
('02015056121', '16.66', '2.82', '0.00', '0', '0.00', '2016-01-16 22:06:34', NULL, NULL, NULL),
('02015056141', '16.66', '1.90', '7.26', '18', '0.00', '2016-01-16 22:06:34', NULL, NULL, NULL),
('02014051674', '16.64', '2.56', '0.00', '0', '0.00', '2016-01-16 22:06:34', NULL, NULL, NULL),
('02014051757', '16.62', '2.01', '0.00', '0', '0.00', '2016-01-16 22:11:34', NULL, NULL, NULL),
('02015056121', '16.65', '2.83', '0.00', '0', '0.00', '2016-01-16 22:11:34', NULL, NULL, NULL),
('02015056141', '16.65', '1.90', '7.26', '18', '0.00', '2016-01-16 22:11:34', NULL, NULL, NULL),
('02014051674', '16.64', '2.55', '0.00', '0', '0.00', '2016-01-16 22:11:34', NULL, NULL, NULL),
('02014051757', '16.62', '2.12', '0.00', '0', '0.00', '2016-01-16 22:16:34', NULL, NULL, NULL),
('02015056121', '16.66', '2.80', '0.00', '0', '0.00', '2016-01-16 22:16:34', NULL, NULL, NULL),
('02014051674', '16.64', '2.55', '0.00', '0', '0.00', '2016-01-16 22:16:34', NULL, NULL, NULL),
('02015056141', '16.64', '1.92', '7.26', '18', '0.00', '2016-01-16 22:16:34', NULL, NULL, NULL),
('02015056141', '16.65', '2.16', '7.26', '18', '0.00', '2016-01-16 22:21:33', NULL, NULL, NULL),
('02014051674', '16.64', '2.53', '0.00', '0', '0.00', '2016-01-16 22:21:33', NULL, NULL, NULL),
('02014051757', '16.62', '2.12', '0.00', '0', '0.00', '2016-01-16 22:21:34', NULL, NULL, NULL),
('02015056121', '16.66', '2.84', '0.00', '0', '0.00', '2016-01-16 22:21:34', NULL, NULL, NULL),
('02015056141', '16.65', '2.19', '7.26', '18', '0.00', '2016-01-16 22:26:33', NULL, NULL, NULL),
('02014051674', '16.62', '2.56', '0.00', '0', '0.00', '2016-01-16 22:26:33', NULL, NULL, NULL),
('02014051757', '16.62', '2.34', '0.00', '0', '0.00', '2016-01-16 22:26:34', NULL, NULL, NULL),
('02015056121', '16.64', '2.79', '0.00', '0', '0.00', '2016-01-16 22:26:34', NULL, NULL, NULL),
('02015056121', '16.65', '2.77', '0.00', '0', '0.00', '2016-01-16 22:31:33', NULL, NULL, NULL),
('02015056141', '16.66', '2.18', '7.26', '18', '0.00', '2016-01-16 22:31:33', NULL, NULL, NULL),
('02014051674', '16.62', '2.57', '0.00', '0', '0.00', '2016-01-16 22:31:33', NULL, NULL, NULL),
('02014051757', '16.64', '2.28', '0.00', '0', '0.00', '2016-01-16 22:31:35', NULL, NULL, NULL),
('02015056121', '16.65', '2.75', '0.00', '0', '0.00', '2016-01-16 22:36:33', NULL, NULL, NULL),
('02015056141', '16.65', '2.19', '7.26', '18', '0.00', '2016-01-16 22:36:33', NULL, NULL, NULL),
('02014051674', '16.62', '2.51', '0.00', '0', '0.00', '2016-01-16 22:36:33', NULL, NULL, NULL),
('02014051757', '16.62', '2.20', '0.00', '0', '0.00', '2016-01-16 22:36:34', NULL, NULL, NULL),
('02015056121', '16.65', '2.73', '0.00', '0', '0.00', '2016-01-16 22:41:33', NULL, NULL, NULL),
('02015056141', '16.65', '2.19', '7.27', '18', '0.00', '2016-01-16 22:41:33', NULL, NULL, NULL),
('02014051674', '16.62', '2.56', '0.00', '0', '0.00', '2016-01-16 22:41:34', NULL, NULL, NULL),
('02014051757', '16.62', '2.22', '0.00', '0', '0.00', '2016-01-16 22:41:34', NULL, NULL, NULL),
('02014051757', '16.62', '2.16', '0.00', '0', '0.00', '2016-01-16 22:46:33', NULL, NULL, NULL),
('02015056121', '16.66', '2.73', '0.00', '0', '0.00', '2016-01-16 22:46:34', NULL, NULL, NULL),
('02015056141', '16.65', '2.18', '7.27', '18', '0.00', '2016-01-16 22:46:34', NULL, NULL, NULL);
INSERT INTO `ap_device_online_t` (`imsi`, `waterTemp`, `dissolvedOxygen`, `phValue`, `electrical`, `anDan`, `timestamp`, `workingVoltage`, `operatingTemp`, `chargingVoltage`) VALUES
('02014051674', '16.62', '2.54', '0.00', '0', '0.00', '2016-01-16 22:46:34', NULL, NULL, NULL),
('02014051757', '16.64', '2.17', '0.00', '0', '0.00', '2016-01-16 22:51:33', NULL, NULL, NULL),
('02015056121', '16.66', '2.76', '0.00', '0', '0.00', '2016-01-16 22:51:34', NULL, NULL, NULL),
('02015056141', '16.65', '2.19', '7.27', '18', '0.00', '2016-01-16 22:51:34', NULL, NULL, NULL),
('02014051674', '16.62', '2.51', '0.00', '0', '0.00', '2016-01-16 22:51:34', NULL, NULL, NULL),
('02014051757', '16.62', '2.18', '0.00', '0', '0.00', '2016-01-16 22:56:33', NULL, NULL, NULL),
('02015056121', '16.68', '2.73', '0.00', '0', '0.00', '2016-01-16 22:56:34', NULL, NULL, NULL),
('02015056141', '16.66', '2.27', '7.28', '18', '0.00', '2016-01-16 22:56:34', NULL, NULL, NULL),
('02014051674', '16.60', '2.51', '0.00', '0', '0.00', '2016-01-16 22:56:34', NULL, NULL, NULL),
('02014051757', '16.64', '2.22', '0.00', '0', '0.00', '2016-01-16 23:01:33', NULL, NULL, NULL),
('02015056141', '16.65', '2.23', '7.27', '18', '0.00', '2016-01-16 23:01:34', NULL, NULL, NULL),
('02014051674', '16.62', '2.48', '0.00', '0', '0.00', '2016-01-16 23:01:34', NULL, NULL, NULL),
('02015056121', '16.66', '2.77', '0.00', '0', '0.00', '2016-01-16 23:01:34', NULL, NULL, NULL),
('02014051757', '16.64', '2.15', '0.00', '0', '0.00', '2016-01-16 23:06:34', NULL, NULL, NULL),
('02015056141', '16.66', '2.27', '7.27', '18', '0.00', '2016-01-16 23:06:34', NULL, NULL, NULL),
('02014051674', '16.62', '2.48', '0.00', '0', '0.00', '2016-01-16 23:06:34', NULL, NULL, NULL),
('02015056121', '16.67', '2.75', '0.00', '0', '0.00', '2016-01-16 23:06:34', NULL, NULL, NULL),
('02014051757', '16.62', '2.26', '0.00', '0', '0.00', '2016-01-16 23:11:34', NULL, NULL, NULL),
('02015056141', '16.66', '2.29', '7.28', '18', '0.00', '2016-01-16 23:11:34', NULL, NULL, NULL),
('02015056121', '16.65', '2.78', '0.00', '0', '0.00', '2016-01-16 23:11:34', NULL, NULL, NULL),
('02014051674', '16.61', '2.45', '0.00', '0', '0.00', '2016-01-16 23:11:34', NULL, NULL, NULL),
('02014051674', '16.61', '2.46', '0.00', '0', '0.00', '2016-01-16 23:16:34', NULL, NULL, NULL),
('02015056121', '16.66', '2.81', '0.00', '0', '0.00', '2016-01-16 23:16:34', NULL, NULL, NULL),
('02014051757', '16.61', '2.31', '0.00', '0', '0.00', '2016-01-16 23:16:34', NULL, NULL, NULL),
('02015056141', '16.66', '2.21', '7.28', '18', '0.00', '2016-01-16 23:16:35', NULL, NULL, NULL),
('02014051674', '16.60', '2.47', '0.00', '0', '0.00', '2016-01-16 23:21:34', NULL, NULL, NULL),
('02015056141', '16.64', '2.20', '7.28', '18', '0.00', '2016-01-16 23:21:34', NULL, NULL, NULL),
('02014051757', '16.62', '2.34', '0.00', '0', '0.00', '2016-01-16 23:21:34', NULL, NULL, NULL),
('02015056121', '16.66', '2.78', '0.00', '0', '0.00', '2016-01-16 23:21:34', NULL, NULL, NULL),
('02015056141', '16.62', '2.29', '7.28', '18', '0.00', '2016-01-16 23:26:34', NULL, NULL, NULL),
('02014051674', '16.60', '2.50', '0.00', '0', '0.00', '2016-01-16 23:26:34', NULL, NULL, NULL),
('02014051757', '16.60', '2.40', '0.00', '0', '0.00', '2016-01-16 23:26:34', NULL, NULL, NULL),
('02015056121', '16.66', '2.79', '0.00', '0', '0.00', '2016-01-16 23:26:35', NULL, NULL, NULL),
('02015056121', '16.65', '2.83', '0.00', '0', '0.00', '2016-01-16 23:31:34', NULL, NULL, NULL),
('02014051674', '16.60', '2.48', '0.00', '0', '0.00', '2016-01-16 23:31:34', NULL, NULL, NULL),
('02015056141', '16.64', '2.39', '7.29', '18', '0.00', '2016-01-16 23:31:34', NULL, NULL, NULL),
('02014051757', '16.59', '2.42', '0.00', '0', '0.00', '2016-01-16 23:31:34', NULL, NULL, NULL),
('02015056121', '16.62', '2.84', '0.00', '0', '0.00', '2016-01-16 23:36:33', NULL, NULL, NULL),
('02015056141', '16.62', '2.36', '7.27', '18', '0.00', '2016-01-16 23:36:35', NULL, NULL, NULL),
('02014051674', '16.60', '2.48', '0.00', '0', '0.00', '2016-01-16 23:36:35', NULL, NULL, NULL),
('02015056121', '16.62', '2.96', '0.00', '0', '0.00', '2016-01-16 23:41:34', NULL, NULL, NULL),
('02014051757', '16.56', '2.50', '0.00', '0', '0.00', '2016-01-16 23:41:34', NULL, NULL, NULL),
('02014051674', '16.61', '2.51', '0.00', '0', '0.00', '2016-01-16 23:41:35', NULL, NULL, NULL),
('02014051757', '16.56', '2.68', '0.00', '0', '0.00', '2016-01-16 23:46:33', NULL, NULL, NULL),
('02015056141', '16.62', '2.43', '7.29', '18', '0.00', '2016-01-16 23:46:34', NULL, NULL, NULL),
('02015056121', '16.62', '2.95', '0.00', '0', '0.00', '2016-01-16 23:46:34', NULL, NULL, NULL),
('02014051674', '16.61', '2.52', '0.00', '0', '0.00', '2016-01-16 23:46:34', NULL, NULL, NULL),
('02014051757', '16.56', '2.63', '0.00', '0', '0.00', '2016-01-16 23:51:33', NULL, NULL, NULL),
('02015056141', '16.62', '2.43', '7.29', '18', '0.00', '2016-01-16 23:51:33', NULL, NULL, NULL),
('02014051674', '16.59', '2.49', '0.00', '0', '0.00', '2016-01-16 23:51:34', NULL, NULL, NULL),
('02015056121', '16.62', '2.99', '0.00', '0', '0.00', '2016-01-16 23:51:34', NULL, NULL, NULL),
('02014051757', '16.57', '2.64', '0.00', '0', '0.00', '2016-01-16 23:56:34', NULL, NULL, NULL),
('02014051674', '16.61', '2.46', '0.00', '0', '0.00', '2016-01-16 23:56:34', NULL, NULL, NULL),
('02015056121', '16.62', '3.08', '0.00', '0', '0.00', '2016-01-16 23:56:34', NULL, NULL, NULL),
('02015056141', '16.62', '2.45', '7.28', '18', '0.00', '2016-01-16 23:56:34', NULL, NULL, NULL);

-- --------------------------------------------------------

--
-- Ë°®ÁöÑÁªìÊûÑ `ap_feed`
--

CREATE TABLE IF NOT EXISTS `ap_feed` (
  `feed_id` int(11) NOT NULL AUTO_INCREMENT,
  `feed_name` varchar(20) NOT NULL DEFAULT '',
  `feed_specifications` varchar(20) NOT NULL DEFAULT '',
  `feed_code` char(10) DEFAULT '' COMMENT 'ÁºñÁ†Å',
  PRIMARY KEY (`feed_id`)
) ENGINE=InnoDB  DEFAULT CHARSET=utf8 AUTO_INCREMENT=12 ;

--
-- ËΩ¨Â≠òË°®‰∏≠ÁöÑÊï∞ÊçÆ `ap_feed`
--

INSERT INTO `ap_feed` (`feed_id`, `feed_name`, `feed_specifications`, `feed_code`) VALUES
(1, 'ËçâÈ±ºÊñô', '20kg/ÂåÖ', '123'),
(2, 'È≤´È±ºÊñô', '100kg/ÂåÖ', ''),
(4, 'È≤§È±ºÊñô', '29kg/ÂåÖ', ''),
(5, 'È≥äÈ±ºÊñô', '10kg/ÂåÖ', ''),
(6, 'ÁΩóÈùûÊñô', '10kg/ÂåÖ', ''),
(7, 'ÈªÑÈ¢°È±ºÊñô', '10kg/ÂåÖ', ''),
(8, 'Êµ∑È≤àÊñô', '10kg/ÂåÖ', ''),
(9, 'Âä†Â∑ûÈ≤àÊñô', '10kg/ÂåÖ', ''),
(10, 'ÁîüÈ±ºÊñô', '10kg/ÂåÖ', ''),
(11, '123', '123', '123');

-- --------------------------------------------------------

--
-- Ë°®ÁöÑÁªìÊûÑ `ap_feeding`
--

CREATE TABLE IF NOT EXISTS `ap_feeding` (
  `feeding_id` int(11) NOT NULL AUTO_INCREMENT,
  `feeding_pool_id` int(11) DEFAULT NULL,
  `feeding_cage_id` int(11) DEFAULT NULL,
  `feeding_feed_id` int(11) DEFAULT NULL,
  `feeding_number` varchar(30) NOT NULL DEFAULT '',
  `feeding_member_id` int(11) DEFAULT NULL,
  `feeding_time` varchar(20) NOT NULL DEFAULT '',
  `feeding_pool_img` varchar(50) NOT NULL DEFAULT '',
  PRIMARY KEY (`feeding_id`),
  KEY `feeding_pool_id` (`feeding_pool_id`,`feeding_cage_id`,`feeding_feed_id`,`feeding_member_id`),
  KEY `feeding_cage_id` (`feeding_cage_id`),
  KEY `feeding_feed_id` (`feeding_feed_id`),
  KEY `feeding_member_id` (`feeding_member_id`)
) ENGINE=InnoDB  DEFAULT CHARSET=utf8 COMMENT='ÊäïÈ•≤' AUTO_INCREMENT=12 ;

--
-- ËΩ¨Â≠òË°®‰∏≠ÁöÑÊï∞ÊçÆ `ap_feeding`
--

INSERT INTO `ap_feeding` (`feeding_id`, `feeding_pool_id`, `feeding_cage_id`, `feeding_feed_id`, `feeding_number`, `feeding_member_id`, `feeding_time`, `feeding_pool_img`) VALUES
(1, 1, 1, 4, '100', 7, '2016-02-22 11:26', ''),
(2, 1, 2, 5, '100ÂåÖ', 7, '2016-02-22 10:59', ''),
(3, 1, 1, 1, '100ÂåÖ', 7, '2016-02-22 11:01', ''),
(4, 1, 1, 4, '123', 7, '2016-02-22 11:27', ''),
(5, 1, 1, 1, '26', 7, '2016-02-23 22:34', ''),
(8, 5, 1, 1, '32', 7, '2016-03-03', ''),
(9, 1, 1, 1, '12', 7, '2016-03-31', ''),
(10, 1, 7, 1, '20', 7, '2016-04-19', 'wechat_img/2016/04/19/659dbc7a3330d74761cafdeb9b7a'),
(11, 2, 6, 1, '2', 7, '2016-04-19', 'wechat_img/2016/04/19/0bdc4b3837affa0a54c405e6213c');

-- --------------------------------------------------------

--
-- Ë°®ÁöÑÁªìÊûÑ `ap_fry`
--

CREATE TABLE IF NOT EXISTS `ap_fry` (
  `fry_id` int(11) NOT NULL AUTO_INCREMENT,
  `fry_name` varchar(20) NOT NULL DEFAULT '',
  `fry_code` char(10) DEFAULT NULL COMMENT 'ÁºñÁ†Å',
  PRIMARY KEY (`fry_id`)
) ENGINE=InnoDB  DEFAULT CHARSET=utf8 ROW_FORMAT=DYNAMIC AUTO_INCREMENT=5 ;

--
-- ËΩ¨Â≠òË°®‰∏≠ÁöÑÊï∞ÊçÆ `ap_fry`
--

INSERT INTO `ap_fry` (`fry_id`, `fry_name`, `fry_code`) VALUES
(1, 'ÁΩóÈùûÈ±º', '122'),
(2, 'È≤´È±º', '123'),
(3, 'ËçâÈ±º', '456'),
(4, 'Êµ∑È≤à', NULL);

-- --------------------------------------------------------

--
-- Ë°®ÁöÑÁªìÊûÑ `ap_indication`
--

CREATE TABLE IF NOT EXISTS `ap_indication` (
  `indication_id` int(10) NOT NULL AUTO_INCREMENT,
  `indication_name` varchar(50) CHARACTER SET utf8 NOT NULL,
  PRIMARY KEY (`indication_id`)
) ENGINE=MyISAM DEFAULT CHARSET=gbk AUTO_INCREMENT=1 ;

-- --------------------------------------------------------

--
-- Ë°®ÁöÑÁªìÊûÑ `ap_indicator`
--

CREATE TABLE IF NOT EXISTS `ap_indicator` (
  `indicator_id` int(11) NOT NULL AUTO_INCREMENT,
  `indicator_pool_id` int(11) DEFAULT '0',
  `indicator_cage_id` int(11) DEFAULT '0',
  `indicator_time` varchar(20) NOT NULL DEFAULT '',
  `indicator_weather` varchar(30) NOT NULL DEFAULT '',
  `indicator_name` varchar(20) NOT NULL DEFAULT '',
  `indicator_value` varchar(20) NOT NULL DEFAULT '',
  `indicator_unit` varchar(20) NOT NULL DEFAULT '',
  `indicator_member_id` int(11) DEFAULT '0',
  PRIMARY KEY (`indicator_id`),
  KEY `indicator_pool_id` (`indicator_pool_id`),
  KEY `indicator_cage_id` (`indicator_cage_id`),
  KEY `indicator_member_id` (`indicator_member_id`)
) ENGINE=InnoDB  DEFAULT CHARSET=utf8 AUTO_INCREMENT=34 ;

--
-- ËΩ¨Â≠òË°®‰∏≠ÁöÑÊï∞ÊçÆ `ap_indicator`
--

INSERT INTO `ap_indicator` (`indicator_id`, `indicator_pool_id`, `indicator_cage_id`, `indicator_time`, `indicator_weather`, `indicator_name`, `indicator_value`, `indicator_unit`, `indicator_member_id`) VALUES
(1, 1, 2, '2016-03-11', '‰∏úÂçóÈ£é', 'È£éÂäõ', '5', 'Á∫ß', 7),
(2, 1, 13, '2016-03-30', 'Êô¥Â§©Ôºå‰∏úÂçóÈ£é', 'È£éÂäõ', '3', 'Á∫ß', 7),
(23, NULL, 10, '2016-07-10', 'a', '1', '1', 'a', 7),
(25, NULL, 12, '2016-07-10', 'a', 'a', '1', '', 7),
(26, NULL, 10, '2016-07-10', 'a', 'a', '5', 'a', 7),
(27, NULL, 10, '2016-07-10', 'a', 'a', '5', 'a', 7),
(28, NULL, 10, '2016-07-15', '1', '1', '5', '1', 7),
(29, NULL, 0, '2016-07-04', '1', '1', '5', '1', 7),
(30, NULL, 0, '2016-07-15', '1', '1', '1', '1', 7),
(31, NULL, 0, '2016-07-03', '1', '1', '1', '1', 7),
(32, NULL, 0, '2016-07-23', 'Ë•øÈ£é', '1', '1', '1', 7),
(33, NULL, 0, '2016-08-20', '1', '1', '1', '12', 7);

-- --------------------------------------------------------

--
-- Ë°®ÁöÑÁªìÊûÑ `ap_medication`
--

CREATE TABLE IF NOT EXISTS `ap_medication` (
  `medication_id` int(11) NOT NULL AUTO_INCREMENT,
  `medication_medicine_id` int(11) DEFAULT '0',
  `medication_amount` varchar(20) NOT NULL DEFAULT '',
  `medication_pool_id` int(11) DEFAULT '0',
  `medication_cage_id` int(11) DEFAULT '0',
  `medication_time` varchar(20) NOT NULL DEFAULT '',
  `medication_reason` varchar(100) NOT NULL DEFAULT '',
  `medication_pattern` varchar(50) NOT NULL DEFAULT '',
  `medication_precautions` varchar(100) NOT NULL DEFAULT '',
  `medication_member_id` int(11) DEFAULT '0',
  `medication_pool_img` varchar(80) NOT NULL,
  PRIMARY KEY (`medication_id`),
  KEY `medication_medicine_id` (`medication_medicine_id`,`medication_pool_id`,`medication_cage_id`),
  KEY `medication_pool_id` (`medication_pool_id`),
  KEY `medication_cage_id` (`medication_cage_id`),
  KEY `medication_member_id` (`medication_member_id`),
  KEY `medication_member_id_2` (`medication_member_id`)
) ENGINE=InnoDB  DEFAULT CHARSET=utf8 AUTO_INCREMENT=7 ;

--
-- ËΩ¨Â≠òË°®‰∏≠ÁöÑÊï∞ÊçÆ `ap_medication`
--

INSERT INTO `ap_medication` (`medication_id`, `medication_medicine_id`, `medication_amount`, `medication_pool_id`, `medication_cage_id`, `medication_time`, `medication_reason`, `medication_pattern`, `medication_precautions`, `medication_member_id`, `medication_pool_img`) VALUES
(1, 1, '10Áì∂', 1, 1, '2016-03-30', '‰øùÂÅ•', 'Êó†', 'Êó†', 7, ''),
(2, 1, 'test', 1, 6, '2016-02-29 13:24', 'test', 't', 't', 7, ''),
(3, 3, '1Ë¢ã', 5, 8, '2016-03-18', '‰øùÂÅ•', 'Êó†', 'Êó†', 7, ''),
(4, 1, 'km', 1, 6, '1460652905', '258', 'ajtj', '255', 7, ''),
(5, 1, '10', 1, 2, '2016-04-19', 'ÁîüÁóÖ', 'Ê∞¥Ë∞É', 'Êó†', 7, 'wechat_img/2016/04/19/c472fc64b28bee7b313616dce02ba1fc.jpg'),
(6, 1, '5', 1, 8, '2016-04-19', '', '', '', 7, 'wechat_img/2016/04/19/659dbc7a3330d74761cafdeb9b7a0a2d.jpg');

-- --------------------------------------------------------

--
-- Ë°®ÁöÑÁªìÊûÑ `ap_medicine`
--

CREATE TABLE IF NOT EXISTS `ap_medicine` (
  `medicine_id` int(11) NOT NULL AUTO_INCREMENT,
  `medicine_name` varchar(20) NOT NULL DEFAULT '',
  `medicine_use` varchar(50) NOT NULL DEFAULT '',
  `medicine_precautions` varchar(50) NOT NULL DEFAULT '',
  `medicine_code` char(10) NOT NULL DEFAULT '' COMMENT 'ÁºñÁ†Å ',
  PRIMARY KEY (`medicine_id`)
) ENGINE=InnoDB  DEFAULT CHARSET=utf8 AUTO_INCREMENT=18 ;

--
-- ËΩ¨Â≠òË°®‰∏≠ÁöÑÊï∞ÊçÆ `ap_medicine`
--

INSERT INTO `ap_medicine` (`medicine_id`, `medicine_name`, `medicine_use`, `medicine_precautions`, `medicine_code`) VALUES
(1, 'Êµ∑ËÅîÁßë103', '‰øùÂÅ•', '‰øùÂÅ•', '12'),
(2, 'Êµ∑ËÅîÁßë3505', '‰øùÂÅ•', '', ''),
(3, 'Êµ∑ËÅîÁßëÁª¥ÁîüÁ¥†', '‰øùÂÅ•', '', ''),
(4, 'ËöåÊØíÁÅµÊï£\r\n', '‰øùÂÅ•', '', ''),
(5, 'Â∫∑ÂäõÊ≤ô', 'Ê≤ªÁñó', '', ''),
(6, 'ÊÅ©ËØ∫Ê≤ôÊòü', 'Ê≤ªÁñó', '', ''),
(7, 'Ê∞üËãØÂ∞ºËÄÉ', 'Ê≤ªÁñó', '', ''),
(8, 'Êµ∑ËÅîÁßë101', 'Ë∞ÉÊ∞¥', '', ''),
(9, 'Êµ∑ËÅîÁßë202', 'Ë∞ÉÊ∞¥', '', ''),
(10, 'Êµ∑ËÅîÁßë206', 'Ë∞ÉÊ∞¥', '', ''),
(11, 'Êµ∑ËÅîÁßë502', 'ÊäóÂ∫îÊøÄ', '', ''),
(12, 'Êµ∑ËÅîÁßëÊ±†Â∫ïÂÆâ', 'ÊîπÂ∫ï', '', ''),
(13, 'Êµ∑ËÅîÁßëÈªëÁ≤æÁÅµ', 'Ë∞ÉÊ∞¥', '', ''),
(14, 'Êµ∑ËÅîÁßëÁ≤íÁ≤íÊ∞ß', 'Â¢ûÊ∞ß', '', ''),
(15, 'Êµ∑ËÅîÁßëËÇ≤ËóªËÜè', 'ËÇ•Ê∞¥', '', ''),
(16, 'Êµ∑ËÅîÁßëËÅöÁª¥ÈÖÆÁ¢òÊ∫∂Ê∂≤', 'Ê∂àÊØí', '', ''),
(17, 'Êµ∑ËÅîÁßë‰∫åÊ∞ßÂåñÊ∞Ø', 'Ê∂àÊØí', '', '');

-- --------------------------------------------------------

--
-- Ë°®ÁöÑÁªìÊûÑ `ap_member`
--

CREATE TABLE IF NOT EXISTS `ap_member` (
  `member_id` int(11) NOT NULL AUTO_INCREMENT,
  `member_username` varchar(30) NOT NULL DEFAULT '',
  `member_password` varchar(100) NOT NULL DEFAULT '',
  `member_role` int(11) NOT NULL COMMENT 'ËßíËâ≤Ôºà1Á≥ªÁªüÁÆ°ÁêÜÂëò2Âü∫Á°ÄÁÆ°ÁêÜÂëò3ÊôÆÈÄöÁî®Êà∑Ôºâ',
  `member_base_id` int(11) DEFAULT '0',
  `member_pool_id` int(11) DEFAULT '0',
  `member_permission` int(11) NOT NULL COMMENT 'ÊùÉÈôêÊéßÂà∂',
  PRIMARY KEY (`member_id`),
  KEY `member_base_id` (`member_base_id`),
  KEY `member_pool_id` (`member_pool_id`),
  KEY `member_pool_id_2` (`member_pool_id`)
) ENGINE=InnoDB  DEFAULT CHARSET=utf8 COMMENT='Áî®Êà∑Ë°®' AUTO_INCREMENT=82 ;

--
-- ËΩ¨Â≠òË°®‰∏≠ÁöÑÊï∞ÊçÆ `ap_member`
--

INSERT INTO `ap_member` (`member_id`, `member_username`, `member_password`, `member_role`, `member_base_id`, `member_pool_id`, `member_permission`) VALUES
(1, 'baseadmin', '7de2b903e90d43169d9fa9074ac8e3d1', 2, 1, 0, 0),
(2, 'superadmin', '47aafdea08632dd73b61a81e5909ea25', 1, 0, 0, 0),
(3, 'user12', 'test', 3, 1, 2, 0),
(4, 'baseadmin2', 'test', 2, 2, 0, 0),
(7, 'user11', '3c3571abd4c0c48e2d037b97ea918c83', 3, 1, NULL, 0),
(8, 'user26', 'test', 3, 2, 6, 0),
(10, 'peng', 'test', 2, 0, 0, 0),
(11, 'peng123', 'test', 3, 1, 0, 0),
(12, 'peng134', 'testt', 3, 1, 0, 0),
(15, '789', '78989', 2, 0, 0, 0),
(16, '789', '546546', 2, 0, 0, 0),
(17, 'peng789', 'test', 2, 1, 0, 0),
(18, 'peng789', 'test', 2, 1, 0, 0),
(19, '789', '123', 2, 1, 0, 0),
(20, '789', '123', 2, 1, 0, 0),
(21, '789', '789', 2, 1, 0, 0),
(22, '789', '789', 2, 1, 0, 0),
(23, '789', '456', 2, 1, 0, 0),
(24, '789', '456', 2, 1, 0, 0),
(25, '123', '123', 2, 1, 0, 0),
(26, '123', '123', 2, 1, 0, 0),
(27, '345', '`12', 2, 1, 0, 0),
(28, '345', '`12', 2, 1, 0, 0),
(29, '789', '123', 2, 0, 0, 0),
(30, '789', '123', 2, 0, 0, 0),
(31, '789', '123', 2, 0, 0, 0),
(32, '789', '123', 2, 0, 0, 0),
(33, '123', '123', 2, 0, 0, 0),
(34, '123', '123', 2, 0, 0, 0),
(35, '456', '456', 2, 0, 0, 0),
(36, '456', '456', 2, 0, 0, 0),
(37, '789', '789', 2, 0, 0, 0),
(38, '789', '789', 2, 0, 0, 0),
(39, '789', '789', 2, 0, 0, 0),
(40, '789', '789', 2, 0, 0, 0),
(41, '123', '123', 2, 0, 0, 0),
(42, '123', '123', 2, 0, 0, 0),
(43, '789', '789', 2, 0, 0, 0),
(44, '789', '789', 2, 0, 0, 0),
(45, '123', '123', 2, 0, 0, 0),
(46, '123', '123', 2, 0, 0, 0),
(47, '123', '123', 2, 0, 0, 0),
(48, '123', '123', 2, 0, 0, 0),
(49, '123', '123', 2, 0, 0, 0),
(50, '123', '123', 2, 0, 0, 0),
(51, '456', '456', 2, 0, 0, 0),
(52, '456', '456', 2, 0, 0, 0),
(53, '123', '123', 2, 0, 0, 0),
(54, '123', '123', 2, 0, 0, 0),
(55, '789', '123', 2, 0, 0, 0),
(56, '789', '123', 2, 0, 0, 0),
(57, '789', '789', 2, 0, 0, 0),
(58, '789', '789', 2, 0, 0, 0),
(59, '123', '123', 2, 0, 0, 0),
(60, '123', '123', 2, 0, 0, 0),
(61, '123', '123', 2, 0, 0, 0),
(62, '123', '123', 2, 0, 0, 0),
(63, '123', '123', 2, 0, 0, 0),
(64, '123', '123', 2, 0, 0, 0),
(65, '789', '789', 2, 0, 0, 0),
(66, '789', '789', 2, 0, 0, 0),
(67, 'abc', '123', 2, 1, 0, 1),
(68, 'abc', '123', 2, 1, 0, 1),
(69, '789', '789', 2, 1, 0, 1),
(70, '789', '789', 2, 1, 0, 1),
(71, '123', '123', 2, 0, 0, 0),
(72, '123', '123', 2, 0, 0, 0),
(73, '123', '123', 2, 0, 0, 0),
(74, '123', '123', 2, 0, 0, 0),
(75, '123', '123', 2, 0, 0, 0),
(76, '123', '123', 2, 0, 0, 0),
(77, '123', '123', 2, 0, 0, 0),
(78, '123', '123', 2, 0, 0, 0),
(79, '978', '789', 2, 1, 0, 0),
(80, '978', '789', 2, 1, 0, 0),
(81, '123456', '1e191d851b3b49a248f4ea62f6b06410', 2, 1, 0, 1);

-- --------------------------------------------------------

--
-- Ë°®ÁöÑÁªìÊûÑ `ap_patrol`
--

CREATE TABLE IF NOT EXISTS `ap_patrol` (
  `patrol_id` int(11) NOT NULL AUTO_INCREMENT,
  `patrol_pool_id` int(11) DEFAULT '0',
  `patrol_cage_id` int(11) DEFAULT '0',
  `patrol_fry_id` int(11) DEFAULT '0',
  `patrol_number` varchar(20) NOT NULL DEFAULT '',
  `patrol_weight` varchar(15) NOT NULL DEFAULT '',
  `patrol_death_reason` varchar(300) NOT NULL DEFAULT '',
  `patrol_death_date` varchar(20) NOT NULL DEFAULT '',
  `patrol_member_id` int(11) DEFAULT '0',
  `patrol_remark` varchar(400) NOT NULL DEFAULT '',
  `patrol_pool_img` varchar(100) NOT NULL DEFAULT '',
  `patrol_coordinate` varchar(20) NOT NULL DEFAULT '',
  PRIMARY KEY (`patrol_id`),
  KEY `patrol_pool_id` (`patrol_pool_id`,`patrol_cage_id`,`patrol_fry_id`,`patrol_member_id`),
  KEY `patrol_member_id` (`patrol_member_id`),
  KEY `patrol_cage_id` (`patrol_cage_id`),
  KEY `patrol_fry_id` (`patrol_fry_id`)
) ENGINE=InnoDB  DEFAULT CHARSET=utf8 AUTO_INCREMENT=11 ;

--
-- ËΩ¨Â≠òË°®‰∏≠ÁöÑÊï∞ÊçÆ `ap_patrol`
--

INSERT INTO `ap_patrol` (`patrol_id`, `patrol_pool_id`, `patrol_cage_id`, `patrol_fry_id`, `patrol_number`, `patrol_weight`, `patrol_death_reason`, `patrol_death_date`, `patrol_member_id`, `patrol_remark`, `patrol_pool_img`, `patrol_coordinate`) VALUES
(1, 1, 0, 2, '10', '5Êñ§', 'Â§©Ê∞îÂΩ±Âìç', '2016-02-23 22:34', 7, 'Êó†', '', ''),
(2, 1, 1, 1, '1', '1', '‰∏çÊòé', '2016-03-18', 7, 'Êó†', '', ''),
(3, 0, 6, 1, '1', '1', '22', '2016-03-31', 7, '', '', ''),
(4, 1, 0, 3, '562', '565', 'no', '2016-04-15', 7, ' 563', '', '123.12121  24.121212'),
(6, 1, 8, 3, '23', '12', 'Â§©Ê∞î', '2016-04-19', 7, ' Êó†', 'wechat_img/2016/04/19/659dbc7a3330d74761cafdeb9b7a0a2d.jpg', '123.12121  24.121212'),
(7, 1, 11, 1, '5', '5', 'Êó†', '2016-04-19', 7, ' ', 'wechat_img/2016/04/19/c472fc64b28bee7b313616dce02ba1fc.jpg', '123.12121  24.121212'),
(8, 2, 0, 1, '12', '123', '123', '2016-07-12', 7, '123213', '', ''),
(9, 2, 2, 2, '123', '23', '123', '', 7, '', '', ''),
(10, 0, 0, 0, '', '', '', '', NULL, ' ', '', '');

-- --------------------------------------------------------

--
-- Ë°®ÁöÑÁªìÊûÑ `ap_pond_info_t`
--

CREATE TABLE IF NOT EXISTS `ap_pond_info_t` (
  `pondId` int(11) NOT NULL AUTO_INCREMENT,
  `pondName` varchar(20) NOT NULL,
  `homecity` varchar(5) DEFAULT NULL,
  `homecounty` varchar(5) DEFAULT NULL,
  `userId` varchar(20) DEFAULT NULL,
  `breedingId` varchar(120) DEFAULT NULL,
  `address` varchar(100) DEFAULT NULL,
  `area` varchar(10) DEFAULT NULL COMMENT 'Âçï‰ΩçÔºö(‰∫©)',
  `depth` varchar(10) DEFAULT NULL COMMENT 'Âçï‰ΩçÔºö(Á±≥)',
  `aquaticSpecies` varchar(50) DEFAULT NULL,
  `GrassCoverage` varchar(10) DEFAULT NULL COMMENT 'Âçï‰ΩçÔºö(%)',
  `breedingBatches` varchar(10) DEFAULT NULL,
  `timeToMarket` varchar(14) DEFAULT NULL,
  `breedingDensity` varchar(10) DEFAULT NULL COMMENT 'Âçï‰ΩçÔºö(Â∞æ/‰∫©)',
  `snailSupply` varchar(10) DEFAULT NULL COMMENT 'Âçï‰ΩçÔºö(Âê®)',
  `isAble` varchar(1) NOT NULL DEFAULT '0' COMMENT 'ÊòØÂê¶ÊúâÊïà\r\n            0ÔºöÊúâÊïàÔºàÈªòËÆ§Ôºâ\r\n            1ÔºöÊó†Êïà',
  `province` varchar(5) DEFAULT NULL,
  `domain1` varchar(10) DEFAULT NULL,
  `domain2` varchar(10) DEFAULT NULL,
  `cusName` varchar(20) DEFAULT NULL COMMENT 'ÂÆ¢Êà∑ÂêçÁß∞',
  `qz` varchar(20) DEFAULT NULL COMMENT 'Âå∫Èïø',
  `qzTel` varchar(20) DEFAULT NULL COMMENT 'Âå∫ÈïøÁîµËØù',
  `gr` varchar(20) DEFAULT NULL COMMENT 'ÂÖªÊÆñÂ∑•‰∫∫',
  `grTel` varchar(20) DEFAULT NULL COMMENT 'ÂÖªÊÆñÂ∑•‰∫∫ÁîµËØù',
  `zysb` varchar(20) DEFAULT NULL COMMENT 'Â¢ûÊ∞ßËÆæÂ§á',
  `ryy` varchar(20) DEFAULT NULL COMMENT 'Ê∫∂Ê∞ß‰ª™',
  `fishOri` varchar(20) DEFAULT NULL COMMENT 'È±ºÁßçÊù•Ê∫ê',
  `trsb` varchar(20) DEFAULT NULL COMMENT 'ÊäïÈ•µËÆæÂ§á',
  PRIMARY KEY (`pondId`)
) ENGINE=InnoDB  DEFAULT CHARSET=utf8 AUTO_INCREMENT=1411 ;

--
-- ËΩ¨Â≠òË°®‰∏≠ÁöÑÊï∞ÊçÆ `ap_pond_info_t`
--

INSERT INTO `ap_pond_info_t` (`pondId`, `pondName`, `homecity`, `homecounty`, `userId`, `breedingId`, `address`, `area`, `depth`, `aquaticSpecies`, `GrassCoverage`, `breedingBatches`, `timeToMarket`, `breedingDensity`, `snailSupply`, `isAble`, `province`, `domain1`, `domain2`, `cusName`, `qz`, `qzTel`, `gr`, `grTel`, `zysb`, `ryy`, `fishOri`, `trsb`) VALUES
(1400, '14Âè∑Â°ò_6028', '020', '2006', 'haida', '143718197721', '', '', '', '', '', '', NULL, '', '', '0', '0807', NULL, NULL, NULL, NULL, NULL, NULL, NULL, NULL, NULL, NULL, NULL),
(1401, '11Âè∑Â°ò_6141', '020', '2006', 'haida', '143718197721', '', '', '', '', '', '', NULL, '', '', '0', '0807', NULL, NULL, NULL, NULL, NULL, NULL, NULL, NULL, NULL, NULL, NULL),
(1402, '15Âè∑Â°ò_6131', '020', '2006', 'haida', '143718197721', '', '', '', '', '', '', NULL, '', '', '0', '0807', NULL, NULL, NULL, NULL, NULL, NULL, NULL, NULL, NULL, NULL, NULL),
(1403, '10Âè∑Â°ò_1674', '020', '2006', 'haida', '143718197721', '', '', '', '', '', '', NULL, '', '', '0', '0807', NULL, NULL, NULL, NULL, NULL, NULL, NULL, NULL, NULL, NULL, NULL),
(1404, '11Âè∑Â°ò_6121', '020', '2006', 'haida', '143718197721', '', '', '', '', '', '', NULL, '', '', '0', '0807', NULL, NULL, NULL, NULL, NULL, NULL, NULL, NULL, NULL, NULL, NULL),
(1405, '10Âè∑Â°ò_1757', '020', '2006', 'haida', '143718197721', '', '', '', '', '', '', NULL, '', '', '0', '0807', NULL, NULL, NULL, NULL, NULL, NULL, NULL, NULL, NULL, NULL, NULL),
(1406, '15Âè∑Â°ò_1811', '020', '2006', 'haida', '143718197721', '', '', '', '', '', '', NULL, '', '', '0', '0807', NULL, NULL, NULL, NULL, NULL, NULL, NULL, NULL, NULL, NULL, NULL),
(1407, '14Âè∑Â°ò_6084', '020', '2006', 'haida', '143718197721', '', '', '', '', '', '', NULL, '', '', '0', '0807', NULL, NULL, NULL, NULL, NULL, NULL, NULL, NULL, NULL, NULL, NULL),
(1408, 'ÊµãËØï', '0751', '5100', 'ceshi', '143718197721', '', '', '', '', '', '', NULL, '', '', '0', '0807', NULL, NULL, NULL, NULL, NULL, NULL, NULL, NULL, NULL, NULL, NULL),
(1409, 'ÂÆãÂä†Ê≠¶', '020', '2000', '', '143718197720', '', '', '', '', '', '', NULL, '', '', '1', '0807', NULL, NULL, NULL, NULL, NULL, NULL, NULL, NULL, NULL, NULL, NULL),
(1410, 'ÂÆãÂä†Ê≠¶2', '020', '2000', '', '143718197720', '', '', '', '', '', '', NULL, '', '', '1', '0807', NULL, NULL, NULL, NULL, NULL, NULL, NULL, NULL, NULL, NULL, NULL);

-- --------------------------------------------------------

--
-- Ë°®ÁöÑÁªìÊûÑ `ap_pool`
--

CREATE TABLE IF NOT EXISTS `ap_pool` (
  `pool_id` int(11) NOT NULL AUTO_INCREMENT COMMENT 'Ê±†Â°òÁºñÂè∑',
  `pool_name` varchar(20) NOT NULL DEFAULT '' COMMENT 'Ê±†Â°òÂêçÁß∞',
  `pool_base_id` int(11) DEFAULT NULL COMMENT 'Ê±†Â°òÊâÄÂ±ûÂü∫Âú∞ÁºñÂè∑',
  `pool_addr` varchar(50) NOT NULL DEFAULT '' COMMENT 'Ê±†Â°òÂú∞ÂùÄ',
  `pool_area` varchar(20) NOT NULL DEFAULT '' COMMENT 'Ê±†Â°òÊ∞¥Èù¢Èù¢ÁßØ',
  `pool_depth` varchar(20) NOT NULL DEFAULT '' COMMENT 'Ê±†Â°òÊ∞¥Ê∑±',
  `pool_equipment` varchar(30) NOT NULL DEFAULT '' COMMENT 'ÂÖªÊÆñÊâÄÁî®ËÆæÂ§áËÆæÊñΩ',
  `pool_model` varchar(30) NOT NULL DEFAULT '' COMMENT 'ÂÖªÊÆñÊ®°Âºè',
  `pool_coordinate` varchar(255) DEFAULT '',
  `pool_time` varchar(20) NOT NULL DEFAULT '',
  `pool_smart_id` int(11) NOT NULL,
  `pool_code` char(5) DEFAULT NULL COMMENT 'Ê±†Â°òÁºñÁ†Å',
  PRIMARY KEY (`pool_id`),
  KEY `pool_base_id` (`pool_base_id`),
  KEY `pool_addr` (`pool_addr`),
  KEY `pool_base_id_2` (`pool_base_id`),
  KEY `pool_base_id_3` (`pool_base_id`),
  KEY `pool_base_id_4` (`pool_base_id`)
) ENGINE=InnoDB  DEFAULT CHARSET=utf8 COMMENT='Ê±†Â°ò‰ø°ÊÅØ' AUTO_INCREMENT=4 ;

--
-- ËΩ¨Â≠òË°®‰∏≠ÁöÑÊï∞ÊçÆ `ap_pool`
--

INSERT INTO `ap_pool` (`pool_id`, `pool_name`, `pool_base_id`, `pool_addr`, `pool_area`, `pool_depth`, `pool_equipment`, `pool_model`, `pool_coordinate`, `pool_time`, `pool_smart_id`, `pool_code`) VALUES
(1, '11Âè∑Â°ò', 1, '11Âè∑Â°òÂú∞ÂùÄ', '1000Âπ≥ÊñπÁ±≥', '610Á±≥', 'Â¢ûÊ∞ßÊú∫', 'ÁΩëÁÆ±', NULL, '2016-02-06 21:13', 0, '123'),
(2, '14Âè∑Â°ò', 2, '14Âè∑Â°òÂú∞ÂùÄ', '1000Âπ≥ÊñπÁ±≥', '300Á±≥', 'Â¢ûÊ∞ßÊú∫', 'ÁΩëÁÆ±', '123.123.2', '2016-02-06 21:13', 0, NULL),
(3, '15Âè∑Â°ò', 1, '15Âè∑Â°òÂú∞ÂùÄ', '500Âπ≥ÊñπÁ±≥', '200Á±≥', 'Â¢ûÊ∞ßÊú∫', 'ÁΩëÁÆ±', '113.536246,22.934;113.53647,22.933226;113.537701,22.933642;113.537422,22.934416;', '2016-02-15 20:38', 0, '121');

-- --------------------------------------------------------

--
-- Ë°®ÁöÑÁªìÊûÑ `ap_record`
--

CREATE TABLE IF NOT EXISTS `ap_record` (
  `record_id` int(11) NOT NULL AUTO_INCREMENT,
  `record_pool_id` int(11) DEFAULT '0',
  `record_cage_id` int(11) DEFAULT '0',
  `record_fry_id` int(11) DEFAULT '0',
  `record_transfer_pool_id` int(11) DEFAULT '0',
  `record_transfer_cage_id` int(11) DEFAULT '0',
  `record_member_id` int(11) DEFAULT '0',
  `record_batch` varchar(20) NOT NULL DEFAULT '',
  `record_number` varchar(20) NOT NULL DEFAULT '',
  `record_weight` varchar(20) NOT NULL DEFAULT '',
  `record_time` varchar(20) NOT NULL DEFAULT '',
  `record_type` varchar(20) NOT NULL DEFAULT '',
  `record_remark` varchar(200) NOT NULL DEFAULT '',
  `record_transfer_number` varchar(20) NOT NULL DEFAULT '',
  `record_transfer_weight` varchar(20) NOT NULL DEFAULT '',
  PRIMARY KEY (`record_id`),
  KEY `record_pool_id` (`record_pool_id`),
  KEY `record_cage_id` (`record_cage_id`),
  KEY `record_fry_id` (`record_fry_id`),
  KEY `record_transfer_pool_id` (`record_transfer_pool_id`),
  KEY `record_transfer_cage_id` (`record_transfer_cage_id`),
  KEY `record_member_id` (`record_member_id`)
) ENGINE=InnoDB  DEFAULT CHARSET=utf8 AUTO_INCREMENT=201609045 ;

--
-- ËΩ¨Â≠òË°®‰∏≠ÁöÑÊï∞ÊçÆ `ap_record`
--

INSERT INTO `ap_record` (`record_id`, `record_pool_id`, `record_cage_id`, `record_fry_id`, `record_transfer_pool_id`, `record_transfer_cage_id`, `record_member_id`, `record_batch`, `record_number`, `record_weight`, `record_time`, `record_type`, `record_remark`, `record_transfer_number`, `record_transfer_weight`) VALUES
(1, 1, 2, 3, 0, 0, 7, '1', '66524', '100Êñ§', '3Êúà4Êó•', 'ÈîÄÂîÆ', 'Â§áÊ≥®test', '', ''),
(2, 1, 2, 2, 0, 0, 7, '2', '100', '100Êñ§', '16.3.3', 'ÈîÄÂîÆ', 'test', '', ''),
(3, 1, 2, 2, 1, 6, 7, '3', '', '', '16.3.3', 'ËΩ¨Â°ò', 'test', '100Êù°', '100Êñ§'),
(4, 3, 1, 1, 0, 0, 7, '1', '12', '12', '2016-07-19', 'ÈîÄÂîÆ', '123', '', ''),
(201609044, NULL, 7, 3, 1, 9, 7, '2016081812300', '12', '12', '2016-09-03', 'ËΩ¨Â°ò', '123', '12', '12');

-- --------------------------------------------------------

--
-- Ë°®ÁöÑÁªìÊûÑ `ap_sale`
--

CREATE TABLE IF NOT EXISTS `ap_sale` (
  `sale_id` int(11) NOT NULL AUTO_INCREMENT,
  `sale_record_id` int(11) DEFAULT '0',
  `sale_client_name` varchar(20) NOT NULL DEFAULT '',
  `sale_client_tel` varchar(20) NOT NULL DEFAULT '',
  `sale_fry_id` int(11) DEFAULT '0',
  `sale_number` varchar(20) NOT NULL DEFAULT '',
  `sale_weight` varchar(20) NOT NULL DEFAULT '',
  `sale_univalent` varchar(20) NOT NULL DEFAULT '',
  `sale_sales` varchar(20) NOT NULL DEFAULT '',
  `sale_member_id` int(11) DEFAULT '0',
  `sale_remark` varchar(200) NOT NULL DEFAULT '',
  PRIMARY KEY (`sale_id`),
  KEY `sale_record_id` (`sale_record_id`),
  KEY `sale_fry_id` (`sale_fry_id`),
  KEY `sale_member_id` (`sale_member_id`)
) ENGINE=InnoDB  DEFAULT CHARSET=utf8 AUTO_INCREMENT=3 ;

--
-- ËΩ¨Â≠òË°®‰∏≠ÁöÑÊï∞ÊçÆ `ap_sale`
--

INSERT INTO `ap_sale` (`sale_id`, `sale_record_id`, `sale_client_name`, `sale_client_tel`, `sale_fry_id`, `sale_number`, `sale_weight`, `sale_univalent`, `sale_sales`, `sale_member_id`, `sale_remark`) VALUES
(1, 1, 'ÊüêÂÜúÊâπÂ∏ÇÂú∫', '612626', 3, '100Êù°', '100Êñ§', '1‰∏á', '1000‰∏á', 7, 'Â§áÊ≥®test'),
(2, 1, 'ÂÆ¢Êà∑ÂêçÁß∞', 'ÂÆ¢Êà∑ÁîµËØùÂè∑Á†Å', 1, 'Êï∞Èáè', 'ÈáçÈáè', 'Âçï‰ª∑', 'ÈîÄÂîÆÈáëÈ¢ù', 7, 'Â§áÊ≥®');

-- --------------------------------------------------------

--
-- Ë°®ÁöÑÁªìÊûÑ `ap_stocking`
--

CREATE TABLE IF NOT EXISTS `ap_stocking` (
  `stocking_id` int(11) NOT NULL AUTO_INCREMENT,
  `stocking_pool_id` int(5) NOT NULL,
  `stocking_batch` varchar(30) NOT NULL DEFAULT '0' COMMENT 'ÊâπÊ¨°',
  `stocking_cage_id` int(11) DEFAULT NULL,
  `stocking_fry_id` int(11) DEFAULT NULL,
  `stocking_number` int(11) NOT NULL DEFAULT '0',
  `stocking_specifications` varchar(30) NOT NULL DEFAULT '',
  `stocking_start_time` varchar(20) NOT NULL DEFAULT '',
  `stocking_finish_time` varchar(20) NOT NULL DEFAULT '',
  `stocking_member_id` int(11) DEFAULT '0',
  `stocking_remark` varchar(400) NOT NULL DEFAULT '',
  PRIMARY KEY (`stocking_id`),
  KEY `stocking_cage_id` (`stocking_cage_id`,`stocking_fry_id`),
  KEY `stocking_fry_id` (`stocking_fry_id`),
  KEY `stocking_member_id` (`stocking_member_id`)
) ENGINE=InnoDB  DEFAULT CHARSET=utf8 AUTO_INCREMENT=49 ;

--
-- ËΩ¨Â≠òË°®‰∏≠ÁöÑÊï∞ÊçÆ `ap_stocking`
--

INSERT INTO `ap_stocking` (`stocking_id`, `stocking_pool_id`, `stocking_batch`, `stocking_cage_id`, `stocking_fry_id`, `stocking_number`, `stocking_specifications`, `stocking_start_time`, `stocking_finish_time`, `stocking_member_id`, `stocking_remark`) VALUES
(3, 1, '1', 7, 1, 145, '1Êñ§', '2016-02-23 22:30', '2016-07-19', 7, 'Êó†'),
(4, 1, '2', 2, 2, 100, '1Êñ§', '2016-03-11', '2016-07-20', 7, 'Êó†'),
(5, 3, '3', 1, 1, 23, '12', ' 2016-02-20 15:53', ' 2016-07-20', 8, ' 2016-02-20 15:53'),
(6, 3, '1', 1, 1, 100, '100', '2016-02-21 09:42', '2016-07-20', 7, 'test'),
(7, 0, '5', 2, 1, 1232, '123', '2016-02-21 09:42', '2016-02-21 09:42', 7, 'test'),
(10, 0, '6', 2, 2, 0, 't', '', '2016-07-06', 7, 't'),
(11, 0, '0', 1, 1, 0, 't', 't', 't', 7, 'tt'),
(12, 0, '123', 2, 1, 0, '', '', '', 7, ''),
(14, 0, '33', 2, 1, 0, '', '', '', 7, ''),
(15, 0, '22', 1, 1, 0, '', '', '', 7, ''),
(16, 0, '23', 1, 1, 0, '', '', '', 7, ''),
(18, 0, '24', 2, 1, 0, '', '', '', 7, ''),
(19, 0, '3', 2, 4, 100, '100', '', '', 7, 'test'),
(20, 0, '3', 2, 2, 100, '100', '2016-03-02', '2016-03-16', 7, 'test'),
(21, 0, '3', 2, 2, 100, '100', '2016-03-02', '2016-03-16', 7, 'test'),
(22, 0, '3', 6, 3, 100, '100', '2016-03-02', '2016-03-09', 7, 'test'),
(23, 0, '0', NULL, 1, 0, '', '2016-03-08', '2016-03-23', 7, ''),
(24, 0, '1111111', NULL, 1, 12, '1', '2016-03-31', '2016-03-31', 7, ''),
(25, 0, '10', NULL, 1, 12, '10', '2016-07-09', '2016-07-09', 7, '10'),
(26, 0, '4', NULL, 1, 1, '1', '2016-07-06', '2016-07-09', 7, '1'),
(27, 0, '5', NULL, 4, 1, '5', '2016-07-07', '2016-07-15', 7, '¬∑1'),
(28, 0, '5', NULL, 1, 1, '1', '2016-07-16', '2016-07-17', 7, '1'),
(29, 0, '123', NULL, 1, 123, '123', '2016-07-16', '2016-07-17', 7, '123123'),
(30, 0, '12', NULL, 2, 12, '12', '2016-08-17', '2016-08-20', 7, '123'),
(31, 0, '1', NULL, 2, 2, '2', '2016-08-18', '2016-07-30', 7, '1234'),
(32, 0, '12', NULL, 1, 12, '12', '2016-08-18', '2016-08-19', 7, '123'),
(33, 0, '456', NULL, 1, 555, '555', '2016-08-17', '', 7, '555555'),
(34, 2, '123', 19, 1, 12, '12', '2016-08-18', '2016-08-19', 7, '777'),
(35, 2, '2016081822', 2, 1, 11, '12', '2016-08-18', '2016-08-20', 7, '123'),
(36, 0, '2016081700', 0, 0, 0, '', '2016-08-17', '2016-08-18', 7, ''),
(37, 0, '2016081800', 0, 0, 0, '', '2016-08-18', '2016-08-20', 7, ''),
(38, 2, '201608186', 9, 1, 22, '22', '2016-08-18', '2016-08-19', 7, 'ÁÆÄÂçïÊù•ËØ¥Â∞±ÊòØi\r\n'),
(39, 0, '2016081800', 0, 1, 444, '444', '2016-08-18', '2016-08-25', 7, '44444'),
(40, 2, '201608182', 2, 1, 12, '12', '2016-08-18', '2016-08-19', 7, '12'),
(41, 1, '1970010112300', 0, 3, 0, '', '', '', 7, ''),
(42, 2, '201608194', 7, 2, 11, '11', '2016-08-19', '2016-08-20', 7, '111111111111111'),
(43, 2, '197001014', 7, 2, 0, '', '', '', 7, ''),
(44, 3, '2016081812100', 0, 2, 0, '', '2016-08-18', '', 7, ''),
(45, 1, '2016081812300', 0, 2, 0, '', '2016-08-18', '', 7, ''),
(46, 1, '2016081812300', 0, 2, 0, '', '2016-08-18', '', 7, ''),
(47, 2, '2016081900', 0, 3, 0, '', '2016-08-19', '2016-08-20', 7, ''),
(48, 2, '2016081900', 12, 2, 0, '12', '2016-08-17', '2016-08-20', 7, '12');

-- --------------------------------------------------------

--
-- Ë°®ÁöÑÁªìÊûÑ `ap_trace`
--

CREATE TABLE IF NOT EXISTS `ap_trace` (
  `trace_id` int(11) NOT NULL AUTO_INCREMENT,
  `trace_sale_id` int(11) DEFAULT '0',
  `trace_basename` varchar(20) NOT NULL DEFAULT '',
  `trace_pool_id` int(11) DEFAULT '0',
  `trace_fry_id` int(11) DEFAULT '0',
  `trace_member_id` int(11) DEFAULT '0',
  `trace_is_water` varchar(20) NOT NULL DEFAULT '',
  `trace_is_medicine` varchar(20) NOT NULL DEFAULT '',
  `trace_start_time` varchar(20) NOT NULL DEFAULT '',
  `trace_finish_time` varchar(20) NOT NULL DEFAULT '',
  `trace_client_name` varchar(20) NOT NULL DEFAULT '',
  `trace_tel` varchar(20) NOT NULL DEFAULT '',
  `trace_base_id` int(11) DEFAULT '0',
  PRIMARY KEY (`trace_id`),
  KEY `trace_sale_id` (`trace_sale_id`),
  KEY `trace_base_id` (`trace_basename`),
  KEY `trace_pool_id` (`trace_pool_id`),
  KEY `trace_fry_id` (`trace_fry_id`),
  KEY `trace_member_id` (`trace_member_id`),
  KEY `trace_base_id_2` (`trace_base_id`)
) ENGINE=InnoDB  DEFAULT CHARSET=utf8 AUTO_INCREMENT=3 ;

--
-- ËΩ¨Â≠òË°®‰∏≠ÁöÑÊï∞ÊçÆ `ap_trace`
--

INSERT INTO `ap_trace` (`trace_id`, `trace_sale_id`, `trace_basename`, `trace_pool_id`, `trace_fry_id`, `trace_member_id`, `trace_is_water`, `trace_is_medicine`, `trace_start_time`, `trace_finish_time`, `trace_client_name`, `trace_tel`, `trace_base_id`) VALUES
(1, 1, 'Ê¥™ÊôìÊ≥¢', 1, 2, 7, 'Ê∞¥Ë¥®ËææÊ†á', 'Áî®ËçØËææÊ†átest', '2016-03-20', '2016-07-20', 'Ê¥™ÊôìÂ≥∞', '726261', 1),
(2, 1, 'Ê¥™ÊôìÂá§', 1, 2, 7, 'ÊòØ', 'ÊòØ', '2016-03-04', '2016-07-21', 'Ê¥™ÊôìÊ≥¢', '123456', 1);

/*!40101 SET CHARACTER_SET_CLIENT=@OLD_CHARACTER_SET_CLIENT */;
/*!40101 SET CHARACTER_SET_RESULTS=@OLD_CHARACTER_SET_RESULTS */;
/*!40101 SET COLLATION_CONNECTION=@OLD_COLLATION_CONNECTION */;
